packet,relative_seconds,direction,urb_function,status,payload_bytes,first_32_bytes
7,40.535879,IN,9,0x0,0,
13,40.536776,IN,9,0xc0010000,0,
17,40.540010,IN,9,0x0,0,
53,40.653358,OUT,9,0x0,6,00 00 00 00 00 ff
54,40.653741,OUT,9,0x0,0,
55,40.671462,OUT,9,0x0,6,00 00 00 00 00 6e
56,40.671880,OUT,9,0x0,0,
57,40.671984,OUT,9,0x0,6,00 00 00 00 00 6d
58,40.672023,OUT,9,0x0,0,
59,40.782377,OUT,9,0x0,16,00 00 00 00 00 7a 00 00 00 00 00 00 00 00 00 00
60,40.782578,OUT,9,0x0,0,
61,40.796735,OUT,9,0x0,16,00 00 00 00 00 79 64 01 40 01 e0 00 00 00 00 00
62,40.796897,OUT,9,0x0,0,
63,41.312784,OUT,9,0x0,6,09 c0 00 00 00 6e
64,41.313178,OUT,9,0x0,0,
65,41.313933,OUT,9,0x0,6,00 00 04 fd df c5
66,41.313982,OUT,9,0x0,0,
67,41.314105,OUT,9,0x0,307200,e4 18 e4 18 e4 18 c4 18 e7 39 69 4a 49 4a 49 4a 49 4a 49 4a 49 4a 49 4a 49 4a 49 4a 49 4a 49 4a
68,43.152606,OUT,9,0x0,0,
69,43.406502,OUT,9,0x0,6,07 50 00 c9 1b c5
70,43.406897,OUT,9,0x0,0,
71,43.406994,OUT,9,0x0,1232,ff ff ff ff ff ff ff ff ff ff ff ff ff ff ff ff ff ff ff ff fb d6 d4 84 d4 84 d4 84 d4 84 d4 84
72,43.414571,OUT,9,0x0,0,
73,43.416469,OUT,9,0x0,6,0c d0 01 21 1b c5
74,43.416522,OUT,9,0x0,0,
75,43.416600,OUT,9,0x0,1232,ff ff ff ff df ff fb d6 76 9d d4 84 d4 84 d4 84 d4 84 d4 84 d4 84 d4 84 d4 84 d4 84 d4 84 d4 84
76,43.424019,OUT,9,0x0,0,
77,43.425717,OUT,9,0x0,6,24 8f 82 7d 09 c5
78,43.425770,OUT,9,0x0,0,
79,43.425833,OUT,9,0x0,504,82 10 21 00 41 08 41 08 41 08 41 08 41 08 41 08 41 08 41 08 41 08 41 08 41 08 41 08 62 08 41 00
80,43.428573,OUT,9,0x0,0,
81,43.430104,OUT,9,0x0,6,28 0f 82 b5 09 c5
82,43.430154,OUT,9,0x0,0,
83,43.430223,OUT,9,0x0,504,41 08 41 08 41 08 41 08 41 08 41 08 41 08 41 08 41 08 41 08 41 08 41 00 a3 18 86 41 41 08 41 08
84,43.432988,OUT,9,0x0,0,
85,43.434459,OUT,9,0x0,6,2b 8f 82 ed 09 c5
86,43.434501,OUT,9,0x0,0,
87,43.434573,OUT,9,0x0,504,c7 49 75 ad 75 ad 75 ad 75 ad 75 ad 75 ad 75 ad 76 b5 96 b5 75 ad 75 ad 10 84 45 29 a6 49 ff ff
88,43.437392,OUT,9,0x0,0,
89,43.438743,OUT,9,0x0,6,2f 0f 83 25 09 c5
90,43.438789,OUT,9,0x0,0,
91,43.438866,OUT,9,0x0,504,25 29 c4 20 25 29 87 39 66 31 05 29 49 4a 75 ad 75 ad 75 ad 0c 63 25 29 05 21 04 21 45 29 04 21
92,43.441721,OUT,9,0x0,0,
93,43.442994,OUT,9,0x0,6,32 8f 83 5d 09 c5
94,43.443038,OUT,9,0x0,0,
95,43.443098,OUT,9,0x0,504,25 29 76 b5 76 b5 76 b5 76 ad 75 ad 75 ad 75 ad 75 ad 75 ad 75 ad 75 ad 10 7c 25 29 45 29 ff ff
96,43.445988,OUT,9,0x0,0,
97,43.447418,OUT,9,0x0,6,40 0f 84 35 09 c5
98,43.447463,OUT,9,0x0,0,
99,43.447524,OUT,9,0x0,504,04 21 e4 20 e4 20 e4 20 04 21 04 21 04 21 e4 20 04 21 04 19 e4 18 c4 18 05 29 11 8c e4 20 e4 18
100,43.450300,OUT,9,0x0,0,
101,43.451724,OUT,9,0x0,6,43 8f 84 6d 09 c5
102,43.451774,OUT,9,0x0,0,
103,43.451811,OUT,9,0x0,504,14 ad c8 41 eb 5a 75 ad 75 ad 75 ad 75 ad 75 ad 75 ad 75 ad d3 9c 28 42 e4 20 04 21 ec 62 71 8c
104,43.454601,OUT,9,0x0,0,
105,43.456198,OUT,9,0x0,6,0d 43 d1 28 58 c5
106,43.456234,OUT,9,0x0,0,
107,43.456315,OUT,9,0x0,1232,ff ff ff ff 7e ef 18 b6 d4 84 d4 84 d4 84 d4 84 d4 84 d4 84 d4 84 d4 84 d4 84 d4 84 d4 84 d4 84
108,43.463779,OUT,9,0x0,0,
109,43.465653,OUT,9,0x0,6,12 c3 d1 80 58 c5
110,43.465707,OUT,9,0x0,0,
111,43.465769,OUT,9,0x0,1232,ff ff ff ff ff ff ff ff ff ff ff ff ff ff ff ff ff ff ff ff fb d6 d4 84 d4 84 d4 84 d4 84 d4 84
112,43.473373,OUT,9,0x0,0,
113,43.475115,OUT,9,0x0,6,40 01 f4 34 30 c5
114,43.475169,OUT,9,0x0,0,
115,43.475234,OUT,9,0x0,504,83 10 ef 7b 75 ad 75 ad 75 ad 75 ad 75 ad 75 ad 75 ad 75 ad 75 ad 75 ad 82 10 82 18 a3 10 75 ad
116,43.478071,OUT,9,0x0,0,
117,43.479655,OUT,9,0x0,6,43 81 f4 6c 30 c5
118,43.479702,OUT,9,0x0,0,
119,43.479771,OUT,9,0x0,504,82 18 82 18 ef 7b 75 ad 75 ad 75 ad 75 ad 75 ad 75 ad 75 ad 75 ad cb 5a 82 18 82 18 82 18 b2 94
120,43.482718,OUT,9,0x0,0,
121,43.484187,OUT,9,0x0,6,24 41 f2 78 30 c5
122,43.484231,OUT,9,0x0,0,
123,43.484304,OUT,9,0x0,504,c5 10 ef 7b 75 ad 75 ad 75 ad 75 ad 75 ad 75 ad 75 ad 75 ad 75 ad 75 ad 21 08 21 00 c5 10 75 ad
124,43.487151,OUT,9,0x0,0,
125,43.488666,OUT,9,0x0,6,27 01 f2 a4 30 c5
126,43.488715,OUT,9,0x0,0,
127,43.488751,OUT,9,0x0,504,21 08 21 08 21 00 41 08 42 00 42 00 42 08 42 08 42 08 42 08 22 00 22 00 42 08 22 08 21 00 21 00
128,43.491555,OUT,9,0x0,0,
129,43.493019,OUT,9,0x0,6,29 c1 f2 d0 30 c5
130,43.493065,OUT,9,0x0,0,
131,43.493102,OUT,9,0x0,504,22 00 42 08 cb 5a 75 ad 75 ad 75 ad 75 ad 75 ad 75 ad 75 ad b2 94 08 42 a4 10 a4 10 22 08 51 8c
132,43.495992,OUT,9,0x0,0,
133,43.496135,OUT,9,0x0,6,24 41 f2 78 30 c5
134,43.496276,OUT,9,0x0,0,
135,43.496301,OUT,9,0x0,504,c5 10 ef 7b 75 ad 75 ad 75 ad 75 ad 75 ad 75 ad 75 ad 75 ad 75 ad 75 ad 21 08 21 00 c5 10 75 ad
136,43.499070,OUT,9,0x0,0,
137,43.500721,OUT,9,0x0,6,01 ca 30 50 b4 c5
138,43.500769,OUT,9,0x0,0,
139,43.500807,OUT,9,0x0,504,c3 18 c3 18 c3 18 b2 94 75 ad 75 ad 75 ad 75 ad 75 ad e4 18 c3 18 c4 18 c4 18 c4 18 c3 18 c3 18
140,43.503725,OUT,9,0x0,0,
141,43.505222,OUT,9,0x0,6,05 4a 30 88 b4 c5
142,43.505266,OUT,9,0x0,0,
143,43.505309,OUT,9,0x0,504,c4 18 c3 18 c3 18 c4 18 c3 20 24 31 89 5a 96 b5 96 b5 96 b5 6c 7b c7 59 86 61 a6 61 c4 18 e4 20
144,43.508144,OUT,9,0x0,0,
145,43.509628,OUT,9,0x0,6,08 ca 30 c0 b4 c5
146,43.509676,OUT,9,0x0,0,
147,43.509709,OUT,9,0x0,504,a6 61 a6 59 8e 83 75 b5 75 b5 75 b5 75 ad 75 ad 75 ad 75 ad b3 9c e4 20 04 21 04 21 07 62 f3 ac
148,43.512480,OUT,9,0x0,0,
149,43.513832,OUT,9,0x0,6,0c 4a 30 f8 b4 c5
150,43.513877,OUT,9,0x0,0,
151,43.513907,OUT,9,0x0,504,04 21 75 ad 75 ad 75 ad 75 ad 75 ad 75 ad 75 ad 75 ad 75 ad 75 ad 75 ad ef 7b 04 21 04 21 ff ff
152,43.516815,OUT,9,0x0,0,
153,43.518173,OUT,9,0x0,6,0f ca 31 30 b4 c5
154,43.518219,OUT,9,0x0,0,
155,43.518252,OUT,9,0x0,504,04 21 04 21 04 21 d3 9c 75 ad 75 ad 75 ad 75 ad 75 ad 04 21 04 21 04 21 04 21 04 21 04 21 04 21
156,43.521072,OUT,9,0x0,0,
157,43.522372,OUT,9,0x0,6,1b 8a 31 ec b4 c5
158,43.522418,OUT,9,0x0,0,
159,43.522447,OUT,9,0x0,504,04 21 04 21 04 21 04 21 04 21 04 21 28 42 75 ad 75 ad 75 ad eb 5a 04 21 04 21 04 21 04 21 04 21
160,43.525302,OUT,9,0x0,0,
161,43.526550,OUT,9,0x0,6,1f 0a 32 24 b4 c5
162,43.526593,OUT,9,0x0,0,
163,43.526625,OUT,9,0x0,504,04 21 e4 20 eb 5a 75 ad 75 ad 75 ad 75 ad 75 ad 75 ad 75 ad b3 94 08 42 c4 18 c4 18 04 21 71 8c
164,43.529397,OUT,9,0x0,0,
165,43.530855,OUT,9,0x0,6,39 15 03 c5 61 c5
166,43.530904,OUT,9,0x0,0,
167,43.530938,OUT,9,0x0,504,21 00 00 00 00 00 00 00 00 00 00 00 00 00 00 00 20 00 20 00 20 00 20 00 20 00 00 00 00 00 00 00
168,43.533712,OUT,9,0x0,0,
169,43.535119,OUT,9,0x0,6,3c 95 03 fd 61 c5
170,43.535165,OUT,9,0x0,0,
171,43.535204,OUT,9,0x0,504,00 00 00 00 ef 7b 75 ad 75 ad 75 ad 75 ad 75 ad 75 ad 75 ad 14 a5 cb 5a 21 00 21 00 00 00 b6 b5
172,43.538071,OUT,9,0x0,0,
173,43.539414,OUT,9,0x0,6,40 15 04 35 61 c5
174,43.539455,OUT,9,0x0,0,
175,43.539486,OUT,9,0x0,504,21 00 21 08 41 08 41 08 41 08 41 08 62 08 62 10 82 10 42 08 25 21 87 31 25 21 09 42 21 00 21 00
176,43.542306,OUT,9,0x0,0,
177,43.543825,OUT,9,0x0,6,43 95 04 6d 61 c5
178,43.543877,OUT,9,0x0,0,
179,43.543954,OUT,9,0x0,504,4a 42 45 21 10 84 96 b5 96 b5 96 b5 96 b5 96 b5 96 b5 96 b5 34 a5 2c 63 c7 31 c7 31 6a 42 d7 bd
180,43.546827,OUT,9,0x0,0,
181,43.548258,OUT,9,0x0,6,39 16 93 c5 7a c5
182,43.548305,OUT,9,0x0,0,
183,43.548346,OUT,9,0x0,504,41 08 41 08 21 08 21 00 21 00 41 08 41 08 41 08 41 08 41 08 41 08 41 08 21 08 41 08 21 08 21 00
184,43.551166,OUT,9,0x0,0,
185,43.552602,OUT,9,0x0,6,3c 96 93 fd 7a c5
186,43.552645,OUT,9,0x0,0,
187,43.552679,OUT,9,0x0,504,41 08 41 08 ef 7b 75 ad 75 ad 75 ad 75 ad 75 ad 75 ad 75 ad 14 a5 cb 5a 21 00 21 00 41 08 b6 b5
188,43.555574,OUT,9,0x0,0,
189,43.556925,OUT,9,0x0,6,40 16 94 35 7a c5
190,43.556974,OUT,9,0x0,0,
191,43.557008,OUT,9,0x0,504,21 08 41 08 41 08 41 08 41 08 41 08 41 08 41 08 41 08 41 08 41 08 42 08 62 08 62 08 21 00 21 00
192,43.559801,OUT,9,0x0,0,
193,43.561043,OUT,9,0x0,6,43 96 94 6d 7a c5
194,43.561085,OUT,9,0x0,0,
195,43.561116,OUT,9,0x0,504,62 08 62 08 ef 7b 75 ad 75 ad 75 ad 75 ad 75 ad 75 ad 75 ad 14 a5 cb 5a 82 08 41 08 42 08 b7 b5
196,43.563992,OUT,9,0x0,0,
197,43.565426,OUT,9,0x0,6,39 18 f3 c5 a0 c5
198,43.565472,OUT,9,0x0,0,
199,43.565505,OUT,9,0x0,504,41 10 21 10 ef 7b 75 ad 75 ad 75 ad 75 ad 75 ad 75 ad 75 ad 14 a5 cb 5a 62 08 62 08 62 10 d7 bd
200,43.568317,OUT,9,0x0,0,
201,43.569754,OUT,9,0x0,6,3c 98 f3 fd a0 c5
202,43.569799,OUT,9,0x0,0,
203,43.569833,OUT,9,0x0,504,62 08 62 08 62 08 82 08 82 08 82 08 08 3a 75 ad 75 ad 75 ad cb 5a 82 10 62 08 62 08 62 08 62 08
204,43.572701,OUT,9,0x0,0,
205,43.574183,OUT,9,0x0,6,40 18 f4 35 a0 c5
206,43.574232,OUT,9,0x0,0,
207,43.574270,OUT,9,0x0,504,62 08 82 10 62 08 62 08 62 08 82 08 82 08 62 08 82 10 82 08 82 08 82 08 82 08 62 08 62 08 62 08
208,43.577145,OUT,9,0x0,0,
209,43.578489,OUT,9,0x0,6,43 98 f4 6d a0 c5
210,43.578535,OUT,9,0x0,0,
211,43.578564,OUT,9,0x0,504,82 08 82 08 cb 5a 75 ad 75 ad 75 ad 75 ad 75 ad 75 ad 75 ad b2 94 08 3a 62 08 62 08 82 08 51 8c
212,43.581398,OUT,9,0x0,0,
213,43.582720,OUT,9,0x0,6,47 18 f4 a5 a0 c5
214,43.582763,OUT,9,0x0,0,
215,43.582800,OUT,9,0x0,504,62 08 75 ad 75 ad 75 ad 75 ad 75 ad 75 ad 75 ad 75 ad 75 ad 75 ad 75 ad ef 7b 82 08 82 08 ff ff
216,43.585591,OUT,9,0x0,0,
217,43.588314,OUT,9,0x0,6,0c 98 82 bd a9 c5
218,43.588361,OUT,9,0x0,0,
219,43.588434,OUT,9,0x0,8568,83 18 a3 20 c4 20 c4 20 c4 20 c4 20 a3 18 41 08 41 08 41 08 61 08 61 08 61 08 61 08 61 08 61 08
220,43.639578,OUT,9,0x0,0,
221,43.641975,OUT,9,0x0,6,09 1b 14 85 d2 c5
222,43.642031,OUT,9,0x0,0,
223,43.642137,OUT,9,0x0,17272,62 08 62 08 62 08 62 08 62 10 62 08 62 08 61 08 62 08 82 10 82 10 82 10 82 10 82 10 83 10 82 10
224,43.745398,OUT,9,0x0,0,
225,43.747464,OUT,9,0x0,6,27 04 63 c8 52 c5
226,43.747520,OUT,9,0x0,0,
227,43.747628,OUT,9,0x0,2262,58 9e 58 9e 58 9e 58 9e 58 9e 58 9e 58 9e 58 9e 58 9e 58 9e 58 9e 58 9e 58 9e 58 9e 58 9e 58 9e
228,43.760897,OUT,9,0x0,0,
229,43.761186,OUT,9,0x0,6,03 0c 31 1c cf c5
230,43.761235,OUT,9,0x0,0,
231,43.761307,OUT,9,0x0,1560,58 9e 58 9e 58 9e 58 9e 58 9e 58 9e 58 9e 58 9e 58 9e 58 9e 58 9e 58 9e 58 9e 58 9e 58 9e 58 9e
232,43.770340,OUT,9,0x0,0,
233,43.770539,OUT,9,0x0,6,26 91 b2 75 27 c5
234,43.770589,OUT,9,0x0,0,
235,43.770636,OUT,9,0x0,104,58 9e 58 9e 58 9e 58 9e da ae da ae da ae da ae b9 a6 b9 a6 b9 a6 b9 a6 99 a6 99 a6 99 a6 99 a6
236,43.771096,OUT,9,0x0,0,
237,43.771140,OUT,9,0x0,6,0e 95 e2 ad 6a c5
238,43.771312,OUT,9,0x0,0,
239,43.771341,OUT,9,0x0,2964,58 9e 58 9e 58 9e 58 9e 58 9e 58 9e 58 9e 58 9e 58 9e 58 9e 58 9e 58 9e 58 9e 58 9e 58 9e 58 9e
240,43.788771,OUT,9,0x0,0,
241,44.167896,OUT,9,0x0,6,43 8f 84 6d 09 c5
242,44.168273,OUT,9,0x0,0,
243,44.168347,OUT,9,0x0,504,14 ad c8 41 e4 18 25 21 05 21 25 21 28 42 75 ad 75 ad 75 ad ec 5a e4 20 e4 20 04 21 ec 62 05 21
244,44.171170,OUT,9,0x0,0,
245,44.172914,OUT,9,0x0,6,12 c3 d1 80 58 c5
246,44.172962,OUT,9,0x0,0,
247,44.173009,OUT,9,0x0,1232,ff ff ff ff ff ff fb d6 76 9d d4 84 d4 84 d4 84 d4 84 d4 84 d4 84 d4 84 d4 84 d4 84 d4 84 d4 84
248,44.180557,OUT,9,0x0,0,
249,44.182388,OUT,9,0x0,6,0c 4a 30 f8 b4 c5
250,44.182444,OUT,9,0x0,0,
251,44.182481,OUT,9,0x0,504,04 21 04 21 ef 7b 75 ad 75 ad 75 ad 75 ad 75 ad 75 ad 75 ad d3 9c 04 21 04 21 04 21 04 21 d7 bd
252,44.185318,OUT,9,0x0,0,
253,44.186960,OUT,9,0x0,6,0f ca 31 30 b4 c5
254,44.187006,OUT,9,0x0,0,
255,44.187058,OUT,9,0x0,504,04 21 04 21 ef 7b 75 ad 75 ad 75 ad 75 ad 75 ad 75 ad 75 ad 14 a5 28 42 04 21 04 21 04 21 d7 bd
256,44.189914,OUT,9,0x0,0,
257,44.190093,OUT,9,0x0,6,26 91 b2 7d 27 c5
258,44.190192,OUT,9,0x0,0,
259,44.190226,OUT,9,0x0,156,58 9e 58 9e 58 9e 58 9e 58 9e 58 9e da ae da ae da ae da ae da ae da ae b9 a6 b9 a6 b9 a6 b9 a6
260,44.191065,OUT,9,0x0,0,
261,45.159689,OUT,9,0x0,6,12 c3 d1 80 58 c5
262,45.160071,OUT,9,0x0,0,
263,45.160124,OUT,9,0x0,1232,ff ff ff ff ff ff ff ff ff ff ff ff ff ff ff ff ff ff ff ff fb d6 d4 84 d4 84 d4 84 d4 84 d4 84
264,45.167556,OUT,9,0x0,0,
265,45.169376,OUT,9,0x0,6,43 81 f4 6c 30 c5
266,45.169435,OUT,9,0x0,0,
267,45.169478,OUT,9,0x0,504,82 18 75 ad 75 ad 75 ad 75 ad 75 ad 75 ad 75 ad 75 ad 75 ad 75 ad 75 ad ef 7b 82 18 82 18 ff ff
268,45.172285,OUT,9,0x0,0,
269,45.173945,OUT,9,0x0,6,0f ca 31 30 b4 c5
270,45.173997,OUT,9,0x0,0,
271,45.174034,OUT,9,0x0,504,04 21 75 ad 75 ad 75 ad 75 ad 75 ad 75 ad 75 ad 75 ad 75 ad 75 ad 75 ad ef 7b 04 21 04 21 ff ff
272,45.176913,OUT,9,0x0,0,
273,45.177479,OUT,9,0x0,6,3c 44 64 c4 52 c5
274,45.177520,OUT,9,0x0,0,
275,45.177554,OUT,9,0x0,1690,05 21 05 21 05 21 05 21 05 21 05 21 05 21 05 21 05 21 05 21 05 21 05 21 05 21 05 21 05 21 05 21
276,45.187542,OUT,9,0x0,0,
277,46.181854,OUT,9,0x0,6,2f 0f 83 25 09 c5
278,46.182234,OUT,9,0x0,0,
279,46.182315,OUT,9,0x0,504,25 29 c4 20 10 84 96 b5 76 b5 75 ad 76 b5 75 ad 75 ad 75 ad 34 a5 ec 62 05 21 04 21 45 29 d7 bd
280,46.185319,OUT,9,0x0,0,
281,46.186773,OUT,9,0x0,6,32 8f 83 5d 09 c5
282,46.186819,OUT,9,0x0,0,
283,46.186855,OUT,9,0x0,504,25 29 66 31 46 31 46 31 46 29 05 21 49 4a 75 ad 75 ad 75 ad ec 62 05 21 25 21 25 29 45 29 65 29
284,46.189727,OUT,9,0x0,0,
285,46.191264,OUT,9,0x0,6,43 81 f4 6c 30 c5
286,46.191309,OUT,9,0x0,0,
287,46.191347,OUT,9,0x0,504,82 18 82 18 ef 7b 75 ad 75 ad 75 ad 75 ad 75 ad 75 ad 75 ad b2 94 82 18 82 18 82 18 82 18 d7 bd
288,46.194178,OUT,9,0x0,0,
289,46.194310,OUT,9,0x0,6,0c 4a 30 f8 b4 c5
290,46.194492,OUT,9,0x0,0,
291,46.194580,OUT,9,0x0,504,04 21 75 ad 75 ad 75 ad 75 ad 75 ad 75 ad 75 ad 75 ad 75 ad 75 ad 75 ad ef 7b 04 21 04 21 ff ff
292,46.197396,OUT,9,0x0,0,
293,46.199034,OUT,9,0x0,6,0f ca 31 30 b4 c5
294,46.199083,OUT,9,0x0,0,
295,46.199113,OUT,9,0x0,504,04 21 04 21 ef 7b 75 ad 75 ad 75 ad 75 ad 75 ad 75 ad 75 ad 14 a5 eb 5a 04 21 04 21 04 21 d7 bd
296,46.201995,OUT,9,0x0,0,
297,46.202088,OUT,9,0x0,6,3c 04 64 c4 52 c5
298,46.202307,OUT,9,0x0,0,
299,46.202338,OUT,9,0x0,1716,05 21 05 21 05 21 05 21 05 21 05 21 05 21 05 21 05 21 05 21 05 21 05 21 05 21 05 21 05 21 05 21
300,46.212388,OUT,9,0x0,0,
301,47.202564,OUT,9,0x0,6,0c d0 01 21 1b c5
302,47.202945,OUT,9,0x0,0,
303,47.202996,OUT,9,0x0,1232,ff ff ff ff d4 84 d4 84 d4 84 d4 84 d4 84 d4 84 d4 84 d4 84 d4 84 d4 84 d4 84 d4 84 d4 84 d4 84
304,47.210452,OUT,9,0x0,0,
305,47.212320,OUT,9,0x0,6,40 0f 84 35 09 c5
306,47.212373,OUT,9,0x0,0,
307,47.212411,OUT,9,0x0,504,04 21 e4 20 e4 20 b3 9c 75 ad 75 ad 75 ad 75 ad 75 ad 04 19 e4 18 c4 18 05 29 11 8c e4 20 e4 18
308,47.215311,OUT,9,0x0,0,
309,47.216924,OUT,9,0x0,6,43 8f 84 6d 09 c5
310,47.216974,OUT,9,0x0,0,
311,47.217006,OUT,9,0x0,504,14 ad c8 41 e4 18 d3 9c 75 ad 75 ad 75 ad 75 ad 75 ad 05 21 05 21 e4 20 e4 20 04 21 ec 62 05 21
312,47.219915,OUT,9,0x0,0,
313,47.220053,OUT,9,0x0,6,43 81 f4 6c 30 c5
314,47.220193,OUT,9,0x0,0,
315,47.220228,OUT,9,0x0,504,82 18 75 ad 75 ad 75 ad 75 ad 75 ad 75 ad 75 ad 75 ad 75 ad 75 ad 75 ad ef 7b 82 18 82 18 ff ff
316,47.223072,OUT,9,0x0,0,
317,47.223154,OUT,9,0x0,6,0c 4a 30 f8 b4 c5
318,47.223369,OUT,9,0x0,0,
319,47.223397,OUT,9,0x0,504,04 21 04 21 ef 7b 75 ad 75 ad 75 ad 75 ad 75 ad 75 ad 75 ad d3 9c 04 21 04 21 04 21 04 21 d7 bd
320,47.226322,OUT,9,0x0,0,
321,47.227964,OUT,9,0x0,6,0f ca 31 30 b4 c5
322,47.228012,OUT,9,0x0,0,
323,47.228048,OUT,9,0x0,504,04 21 04 21 04 21 04 21 04 21 04 21 28 42 75 ad 75 ad 75 ad eb 5a 04 21 04 21 04 21 04 21 04 21
324,47.230915,OUT,9,0x0,0,
325,47.231016,OUT,9,0x0,6,26 91 b2 a5 27 c5
326,47.231194,OUT,9,0x0,0,
327,47.231226,OUT,9,0x0,416,58 9e 58 9e 58 9e 58 9e 58 9e 58 9e 58 9e 58 9e 58 9e 58 9e 58 9e 58 9e 58 9e 58 9e 58 9e 58 9e
328,47.233561,OUT,9,0x0,0,
329,48.195593,OUT,9,0x0,6,2f 0f 83 25 09 c5
330,48.195974,OUT,9,0x0,0,
331,48.196025,OUT,9,0x0,504,25 29 c4 20 ec 62 96 b5 76 b5 75 ad 76 b5 75 ad 75 ad 75 ad d3 9c 29 4a 05 21 04 21 45 29 71 8c
332,48.198918,OUT,9,0x0,0,
333,48.200368,OUT,9,0x0,6,32 8f 83 5d 09 c5
334,48.200413,OUT,9,0x0,0,
335,48.200501,OUT,9,0x0,504,25 29 66 31 10 84 76 b5 76 ad 75 ad 75 ad 75 ad 75 ad 75 ad 75 ad ec 5a 25 21 25 29 45 29 d3 9c
336,48.203323,OUT,9,0x0,0,
337,48.204881,OUT,9,0x0,6,40 0f 84 35 09 c5
338,48.204927,OUT,9,0x0,0,
339,48.204962,OUT,9,0x0,504,04 21 e4 20 6e 73 75 ad 75 ad 75 ad 75 ad 75 ad 75 ad 75 ad b3 94 c4 18 05 29 11 8c e4 20 b3 94
340,48.207824,OUT,9,0x0,0,
341,48.207887,OUT,9,0x0,6,43 8f 84 6d 09 c5
342,48.208108,OUT,9,0x0,0,
343,48.208139,OUT,9,0x0,504,14 ad c8 41 eb 5a 75 ad 75 ad 75 ad 75 ad 75 ad 75 ad 75 ad d3 9c 28 42 e4 20 04 21 ec 62 71 8c
344,48.210997,OUT,9,0x0,0,
345,48.212649,OUT,9,0x0,6,0f ca 31 30 b4 c5
346,48.212695,OUT,9,0x0,0,
347,48.212733,OUT,9,0x0,504,04 21 04 21 ef 7b 75 ad 75 ad 75 ad 75 ad 75 ad 75 ad 75 ad d3 9c 04 21 04 21 04 21 04 21 d7 bd
348,48.215489,OUT,9,0x0,0,
349,48.215589,OUT,9,0x0,6,26 91 b2 ed 27 c5
350,48.215767,OUT,9,0x0,0,
351,48.215808,OUT,9,0x0,884,58 9e 58 9e 58 9e 58 9e 58 9e 58 9e 58 9e 58 9e 58 9e 58 9e 58 9e 58 9e 58 9e 58 9e 58 9e 58 9e
352,48.220915,OUT,9,0x0,0,
353,49.237118,OUT,9,0x0,6,32 8f 83 5d 09 c5
354,49.237500,OUT,9,0x0,0,
355,49.237627,OUT,9,0x0,504,25 29 66 31 10 84 76 b5 76 ad 75 ad 75 ad 75 ad 75 ad 75 ad 34 a5 29 42 25 21 25 29 45 29 d7 bd
356,49.240408,OUT,9,0x0,0,
357,49.242166,OUT,9,0x0,6,43 8f 84 6d 09 c5
358,49.242216,OUT,9,0x0,0,
359,49.242259,OUT,9,0x0,504,14 ad c8 41 6e 6b 75 ad 75 ad 75 ad 75 ad 75 ad 75 ad 75 ad d3 9c e4 20 e4 20 04 21 ec 62 d3 9c
360,49.245080,OUT,9,0x0,0,
361,49.245303,OUT,9,0x0,6,2e d1 b4 bd 27 c5
362,49.245411,OUT,9,0x0,0,
363,49.245485,OUT,9,0x0,3042,a5 28 a5 20 a5 20 c5 20 a5 20 84 20 84 18 a5 20 a5 18 a5 18 a4 18 a4 18 84 18 84 18 83 18 83 18
364,49.263722,OUT,9,0x0,0,
365,50.237679,OUT,9,0x0,6,2f 0f 83 25 09 c5
366,50.238059,OUT,9,0x0,0,
367,50.238145,OUT,9,0x0,504,25 29 c4 20 8e 73 96 b5 76 b5 75 ad 76 b5 75 ad 75 ad 75 ad d3 9c 25 29 05 21 04 21 45 29 d3 9c
368,50.241012,OUT,9,0x0,0,
369,50.242648,OUT,9,0x0,6,32 8f 83 5d 09 c5
370,50.242700,OUT,9,0x0,0,
371,50.242810,OUT,9,0x0,504,25 29 66 31 46 31 d3 9c 76 ad 75 ad 75 ad 75 ad 75 ad 04 21 25 29 05 21 25 21 25 29 45 29 65 29
372,50.245739,OUT,9,0x0,0,
373,50.245910,OUT,9,0x0,6,40 0f 84 35 09 c5
374,50.246046,OUT,9,0x0,0,
375,50.246106,OUT,9,0x0,504,04 21 e4 20 e4 20 b3 9c 75 ad 75 ad 75 ad 75 ad 75 ad 04 19 e4 18 c4 18 05 29 11 8c e4 20 e4 18
376,50.248995,OUT,9,0x0,0,
377,50.250760,OUT,9,0x0,6,43 8f 84 6d 09 c5
378,50.250811,OUT,9,0x0,0,
379,50.250881,OUT,9,0x0,504,14 ad c8 41 ef 7b 75 ad 75 ad 75 ad 75 ad 75 ad 75 ad 75 ad d3 9c e4 20 e4 20 04 21 ec 62 d7 bd
380,50.253722,OUT,9,0x0,0,
381,50.253822,OUT,9,0x0,6,43 81 f4 6c 30 c5
382,50.254021,OUT,9,0x0,0,
383,50.254088,OUT,9,0x0,504,82 18 82 18 ef 7b 75 ad 75 ad 75 ad 75 ad 75 ad 75 ad 75 ad b2 94 82 18 82 18 82 18 82 18 d7 bd
384,50.257005,OUT,9,0x0,0,
385,50.257251,OUT,9,0x0,6,2c 91 b4 bd 27 c5
386,50.257299,OUT,9,0x0,0,
387,50.257370,OUT,9,0x0,3276,21 08 42 10 63 18 83 18 63 18 84 18 a4 20 a4 20 a5 28 a5 28 a5 20 a5 20 c5 20 a5 20 84 20 84 18
388,50.277065,OUT,9,0x0,0,
389,51.242439,OUT,9,0x0,6,2f 0f 83 25 09 c5
390,51.242830,OUT,9,0x0,0,
391,51.242899,OUT,9,0x0,504,25 29 c4 20 10 84 96 b5 76 b5 75 ad 76 b5 75 ad 75 ad 75 ad 34 a5 ec 62 05 21 04 21 45 29 d7 bd
392,51.245729,OUT,9,0x0,0,
393,51.245812,OUT,9,0x0,6,12 c3 d1 80 58 c5
394,51.246021,OUT,9,0x0,0,
395,51.246063,OUT,9,0x0,1232,ff ff ff ff ff ff fb d6 76 9d d4 84 d4 84 d4 84 d4 84 d4 84 d4 84 d4 84 d4 84 d4 84 d4 84 d4 84
396,51.253565,OUT,9,0x0,0,
397,51.253964,OUT,9,0x0,6,0f ca 31 30 b4 c5
398,51.254012,OUT,9,0x0,0,
399,51.254047,OUT,9,0x0,504,04 21 75 ad 75 ad 75 ad 75 ad 75 ad 75 ad 75 ad 75 ad 75 ad 75 ad 75 ad ef 7b 04 21 04 21 ff ff
400,51.256920,OUT,9,0x0,0,
401,51.257011,OUT,9,0x0,6,2c 91 b4 bd 27 c5
402,51.257230,OUT,9,0x0,0,
403,51.257273,OUT,9,0x0,3276,21 08 42 10 63 18 83 18 63 18 84 18 a4 20 a4 20 a5 28 a5 28 a5 20 a5 20 c5 20 a5 20 84 20 84 18
404,51.276521,OUT,9,0x0,0,
405,52.270261,OUT,9,0x0,6,2f 0f 83 25 09 c5
406,52.270642,OUT,9,0x0,0,
407,52.270749,OUT,9,0x0,504,25 29 c4 20 ec 62 96 b5 76 b5 75 ad 76 b5 75 ad 75 ad 75 ad d3 9c 29 4a 05 21 04 21 45 29 71 8c
408,52.273581,OUT,9,0x0,0,
409,52.273671,OUT,9,0x0,6,32 8f 83 5d 09 c5
410,52.273883,OUT,9,0x0,0,
411,52.273946,OUT,9,0x0,504,25 29 66 31 10 84 76 b5 76 ad 75 ad 75 ad 75 ad 75 ad 75 ad 34 a5 29 42 25 21 25 29 45 29 d7 bd
412,52.276830,OUT,9,0x0,0,
413,52.276905,OUT,9,0x0,6,40 0f 84 35 09 c5
414,52.277126,OUT,9,0x0,0,
415,52.277157,OUT,9,0x0,504,04 21 e4 20 6e 73 75 ad 75 ad 75 ad 75 ad 75 ad 75 ad 75 ad b3 94 c4 18 05 29 11 8c e4 20 b3 94
416,52.280009,OUT,9,0x0,0,
417,52.281756,OUT,9,0x0,6,43 8f 84 6d 09 c5
418,52.281805,OUT,9,0x0,0,
419,52.281875,OUT,9,0x0,504,14 ad c8 41 ef 7b 75 ad 75 ad 75 ad 75 ad 75 ad 75 ad 75 ad 14 a5 eb 5a e4 20 04 21 ec 62 d7 bd
420,52.284732,OUT,9,0x0,0,
421,52.284922,OUT,9,0x0,6,12 c3 d1 80 58 c5
422,52.285031,OUT,9,0x0,0,
423,52.285078,OUT,9,0x0,1232,ff ff ff ff ff ff ff ff ff ff ff ff ff ff ff ff ff ff ff ff fb d6 d4 84 d4 84 d4 84 d4 84 d4 84
424,52.292567,OUT,9,0x0,0,
425,52.294399,OUT,9,0x0,6,0f ca 31 30 b4 c5
426,52.294452,OUT,9,0x0,0,
427,52.294523,OUT,9,0x0,504,04 21 ef 7b 75 ad 75 ad 75 ad 75 ad 75 ad 75 ad 75 ad 75 ad 75 ad 75 ad 04 21 04 21 04 21 75 ad
428,52.297409,OUT,9,0x0,0,
429,52.297608,OUT,9,0x0,6,2e 11 b4 bd 27 c5
430,52.297715,OUT,9,0x0,0,
431,52.297746,OUT,9,0x0,3120,a4 20 a4 20 a5 28 a5 28 a5 20 a5 20 c5 20 a5 20 84 20 84 18 a5 20 a5 18 a5 18 a4 18 a4 18 84 18
432,52.316294,OUT,9,0x0,0,
433,53.298661,OUT,9,0x0,6,43 8f 84 6d 09 c5
434,53.299043,OUT,9,0x0,0,
435,53.299094,OUT,9,0x0,504,14 ad c8 41 eb 5a 75 ad 75 ad 75 ad 75 ad 75 ad 75 ad 75 ad d3 9c 28 42 e4 20 04 21 ec 62 71 8c
436,53.302012,OUT,9,0x0,0,
437,53.302070,OUT,9,0x0,6,43 81 f4 6c 30 c5
438,53.302320,OUT,9,0x0,0,
439,53.302358,OUT,9,0x0,504,82 18 75 ad 75 ad 75 ad 75 ad 75 ad 75 ad 75 ad 75 ad 75 ad 75 ad 75 ad ef 7b 82 18 82 18 ff ff
440,53.305179,OUT,9,0x0,0,
441,53.305280,OUT,9,0x0,6,0f ca 31 30 b4 c5
442,53.305465,OUT,9,0x0,0,
443,53.305500,OUT,9,0x0,504,04 21 75 ad 75 ad 75 ad 75 ad 75 ad 75 ad 75 ad 75 ad 75 ad 75 ad 75 ad ef 7b 04 21 04 21 ff ff
444,53.308403,OUT,9,0x0,0,
445,53.308516,OUT,9,0x0,6,27 04 63 c4 52 c5
446,53.308713,OUT,9,0x0,0,
447,53.308747,OUT,9,0x0,2236,58 9e 58 9e 58 9e 58 9e 58 9e 58 9e 58 9e 58 9e 58 9e 58 9e 58 9e 58 9e 58 9e 58 9e 58 9e 58 9e
448,53.321825,OUT,9,0x0,0,
449,53.322035,OUT,9,0x0,6,26 91 b2 ed 27 c5
450,53.322140,OUT,9,0x0,0,
451,53.322171,OUT,9,0x0,884,58 9e 58 9e 58 9e 58 9e 58 9e 58 9e 58 9e 58 9e 58 9e 58 9e 58 9e 58 9e 58 9e 58 9e 58 9e 58 9e
452,53.327297,OUT,9,0x0,0,
453,54.235512,OUT,9,0x0,6,2f 0f 83 25 09 c5
454,54.235900,OUT,9,0x0,0,
455,54.235959,OUT,9,0x0,504,25 29 c4 20 10 84 96 b5 76 b5 75 ad 76 b5 75 ad 75 ad 75 ad 34 a5 ec 62 05 21 04 21 45 29 d7 bd
456,54.238848,OUT,9,0x0,0,
457,54.238969,OUT,9,0x0,6,32 8f 83 5d 09 c5
458,54.239152,OUT,9,0x0,0,
459,54.239218,OUT,9,0x0,504,25 29 66 31 46 31 d3 9c 76 ad 75 ad 75 ad 75 ad 75 ad 04 21 25 29 05 21 25 21 25 29 45 29 65 29
460,54.242087,OUT,9,0x0,0,
461,54.243902,OUT,9,0x0,6,12 c3 d1 80 58 c5
462,54.243945,OUT,9,0x0,0,
463,54.244014,OUT,9,0x0,1232,ff ff ff ff d4 84 d4 84 d4 84 d4 84 d4 84 d4 84 d4 84 d4 84 d4 84 d4 84 d4 84 d4 84 d4 84 d4 84
464,54.251434,OUT,9,0x0,0,
465,54.253256,OUT,9,0x0,6,0c 4a 30 f8 b4 c5
466,54.253304,OUT,9,0x0,0,
467,54.253375,OUT,9,0x0,504,04 21 ef 7b 75 ad 75 ad 75 ad 75 ad 75 ad 75 ad 75 ad 75 ad 75 ad 75 ad 04 21 04 21 04 21 75 ad
468,54.256186,OUT,9,0x0,0,
469,55.270079,OUT,9,0x0,6,43 8f 84 6d 09 c5
470,55.270463,OUT,9,0x0,0,
471,55.270536,OUT,9,0x0,504,14 ad c8 41 e4 18 25 21 05 21 25 21 28 42 75 ad 75 ad 75 ad ec 5a e4 20 e4 20 04 21 ec 62 05 21
472,55.273298,OUT,9,0x0,0,
473,55.273365,OUT,9,0x0,6,12 c3 d1 80 58 c5
474,55.273586,OUT,9,0x0,0,
475,55.273629,OUT,9,0x0,1232,ff ff ff ff ff ff ff ff ff ff ff ff ff ff ff ff ff ff ff ff fb d6 d4 84 d4 84 d4 84 d4 84 d4 84
476,55.281106,OUT,9,0x0,0,
477,55.281302,OUT,9,0x0,6,43 81 f4 6c 30 c5
478,55.281349,OUT,9,0x0,0,
479,55.281382,OUT,9,0x0,504,82 18 82 18 ef 7b 75 ad 75 ad 75 ad 75 ad 75 ad 75 ad 75 ad 75 ad cb 5a 82 18 82 18 82 18 b2 94
480,55.284329,OUT,9,0x0,0,
481,55.284400,OUT,9,0x0,6,0c 4a 30 f8 b4 c5
482,55.284622,OUT,9,0x0,0,
483,55.284658,OUT,9,0x0,504,04 21 04 21 ef 7b 75 ad 75 ad 75 ad 75 ad 75 ad 75 ad 75 ad d3 9c 04 21 04 21 04 21 04 21 d7 bd
484,55.287502,OUT,9,0x0,0,
485,55.287570,OUT,9,0x0,6,0f ca 31 30 b4 c5
486,55.287797,OUT,9,0x0,0,
487,55.287854,OUT,9,0x0,504,04 21 04 21 04 21 04 21 04 21 04 21 28 42 75 ad 75 ad 75 ad eb 5a 04 21 04 21 04 21 04 21 04 21
488,55.290736,OUT,9,0x0,0,
489,55.290949,OUT,9,0x0,6,27 04 63 cc 52 c5
490,55.291058,OUT,9,0x0,0,
491,55.291098,OUT,9,0x0,2288,58 9e 58 9e 58 9e 58 9e 58 9e 58 9e 58 9e 58 9e 58 9e 58 9e 58 9e 58 9e 58 9e 58 9e 58 9e 58 9e
492,55.304566,OUT,9,0x0,0,
493,55.304792,OUT,9,0x0,6,26 91 b2 f5 27 c5
494,55.304887,OUT,9,0x0,0,
495,55.304933,OUT,9,0x0,936,58 9e 58 9e 58 9e 58 9e 58 9e 58 9e 58 9e 58 9e 58 9e 58 9e 58 9e 58 9e 58 9e 58 9e 58 9e 58 9e
496,55.310412,OUT,9,0x0,0,
497,56.298187,OUT,9,0x0,6,2f 0f 83 25 09 c5
498,56.298575,OUT,9,0x0,0,
499,56.298632,OUT,9,0x0,504,25 29 c4 20 25 29 87 39 66 31 05 29 49 4a 75 ad 75 ad 75 ad 0c 63 25 29 05 21 04 21 45 29 04 21
500,56.301488,OUT,9,0x0,0,
501,56.303150,OUT,9,0x0,6,32 8f 83 5d 09 c5
502,56.303198,OUT,9,0x0,0,
503,56.303239,OUT,9,0x0,504,25 29 66 31 0c 63 76 b5 76 ad 75 ad 75 ad 75 ad 75 ad 75 ad d3 9c 29 42 25 21 25 29 45 29 71 8c
504,56.306090,OUT,9,0x0,0,
505,56.307591,OUT,9,0x0,6,43 8f 84 6d 09 c5
506,56.307638,OUT,9,0x0,0,
507,56.307693,OUT,9,0x0,504,14 ad c8 41 ef 7b 75 ad 75 ad 75 ad 75 ad 75 ad 75 ad 75 ad 14 a5 28 42 e4 20 04 21 ec 62 d7 bd
508,56.310501,OUT,9,0x0,0,
509,56.311846,OUT,9,0x0,6,43 81 f4 6c 30 c5
510,56.311888,OUT,9,0x0,0,
511,56.311929,OUT,9,0x0,504,82 18 82 18 ef 7b 75 ad 75 ad 75 ad 75 ad 75 ad 75 ad 75 ad 14 a5 08 42 82 18 82 18 82 18 d7 bd
512,56.314726,OUT,9,0x0,0,
513,56.315602,OUT,9,0x0,6,0f ca 31 30 b4 c5
514,56.315644,OUT,9,0x0,0,
515,56.315686,OUT,9,0x0,504,04 21 04 21 6e 73 75 ad 75 ad 75 ad 75 ad 75 ad 75 ad 75 ad d3 9c 04 21 04 21 04 21 04 21 d3 9c
516,56.318494,OUT,9,0x0,0,
517,56.318576,OUT,9,0x0,6,26 91 b3 11 27 c5
518,56.318790,OUT,9,0x0,0,
519,56.318826,OUT,9,0x0,1118,58 9e 58 9e 58 9e 58 9e 58 9e 58 9e 58 9e 58 9e 58 9e 58 9e 58 9e 58 9e 58 9e 58 9e 58 9e 58 9e
520,56.325468,OUT,9,0x0,0,
521,57.388156,OUT,9,0x0,6,0c d0 01 21 1b c5
522,57.388557,OUT,9,0x0,0,
523,57.388677,OUT,9,0x0,1232,ff ff ff ff df ff fb d6 76 9d d4 84 d4 84 d4 84 d4 84 d4 84 d4 84 d4 84 d4 84 d4 84 d4 84 d4 84
524,57.396278,OUT,9,0x0,0,
525,57.398050,OUT,9,0x0,6,2b 8f 82 ed 09 c5
526,57.398102,OUT,9,0x0,0,
527,57.398155,OUT,9,0x0,504,c7 49 25 29 ef 7b 75 ad 75 ad 75 ad 75 ad 75 ad 76 b5 96 b5 75 ad ec 62 25 29 45 29 a6 49 b2 94
528,57.401006,OUT,9,0x0,0,
529,57.401160,OUT,9,0x0,6,40 0f 84 35 09 c5
530,57.401302,OUT,9,0x0,0,
531,57.401369,OUT,9,0x0,504,04 21 e4 20 e4 20 e4 20 04 21 04 21 04 21 e4 20 04 21 04 19 e4 18 c4 18 05 29 11 8c e4 20 e4 18
532,57.404182,OUT,9,0x0,0,
533,57.406002,OUT,9,0x0,6,43 8f 84 6d 09 c5
534,57.406051,OUT,9,0x0,0,
535,57.406101,OUT,9,0x0,504,14 ad 30 84 75 ad 75 ad 75 ad 75 ad 75 ad 75 ad 75 ad 75 ad 75 ad 75 ad e4 20 04 21 ec 62 75 ad
536,57.408931,OUT,9,0x0,0,
537,57.408987,OUT,9,0x0,6,12 c3 d1 80 58 c5
538,57.409241,OUT,9,0x0,0,
539,57.409318,OUT,9,0x0,1232,ff ff ff ff d4 84 d4 84 d4 84 d4 84 d4 84 d4 84 d4 84 d4 84 d4 84 d4 84 d4 84 d4 84 d4 84 d4 84
540,57.416694,OUT,9,0x0,0,
541,57.418476,OUT,9,0x0,6,40 01 f4 34 30 c5
542,57.418531,OUT,9,0x0,0,
543,57.418570,OUT,9,0x0,504,83 10 a3 10 ef 7b 75 ad 75 ad 75 ad 75 ad 75 ad 75 ad 75 ad b2 94 82 10 82 10 82 18 a3 10 d7 bd
544,57.421332,OUT,9,0x0,0,
545,57.422779,OUT,9,0x0,6,43 81 f4 6c 30 c5
546,57.422826,OUT,9,0x0,0,
547,57.422878,OUT,9,0x0,504,82 18 82 18 82 18 82 18 82 18 82 18 08 42 75 ad 75 ad 75 ad cb 5a 82 18 82 18 82 18 82 18 82 18
548,57.425738,OUT,9,0x0,0,
549,57.427172,OUT,9,0x0,6,08 ca 30 c0 b4 c5
550,57.427219,OUT,9,0x0,0,
551,57.427259,OUT,9,0x0,504,a6 61 a6 59 0c 73 75 b5 75 b5 75 b5 75 ad 75 ad 75 ad 75 ad b3 9c 28 42 04 21 04 21 07 62 91 9c
552,57.430085,OUT,9,0x0,0,
553,57.431431,OUT,9,0x0,6,0c 4a 30 f8 b4 c5
554,57.431476,OUT,9,0x0,0,
555,57.431543,OUT,9,0x0,504,04 21 04 21 04 21 d3 9c 75 ad 75 ad 75 ad 75 ad 75 ad 04 21 04 21 04 21 04 21 04 21 04 21 04 21
556,57.434406,OUT,9,0x0,0,
557,57.435777,OUT,9,0x0,6,0f ca 31 30 b4 c5
558,57.435823,OUT,9,0x0,0,
559,57.435861,OUT,9,0x0,504,04 21 04 21 ef 7b 75 ad 75 ad 75 ad 75 ad 75 ad 75 ad 75 ad 75 ad eb 5a 04 21 04 21 04 21 d3 9c
560,57.438757,OUT,9,0x0,0,
561,57.438872,OUT,9,0x0,6,27 04 63 ec 52 c5
562,57.439057,OUT,9,0x0,0,
563,57.439085,OUT,9,0x0,2496,58 9e 58 9e 58 9e 58 9e 58 9e 58 9e 58 9e 58 9e 58 9e 58 9e 58 9e 58 9e 58 9e 58 9e 58 9e 58 9e
564,57.453850,OUT,9,0x0,0,
565,57.454073,OUT,9,0x0,6,28 51 b4 bd 27 c5
566,57.454188,OUT,9,0x0,0,
567,57.454262,OUT,9,0x0,3718,42 08 62 10 62 10 62 10 42 08 42 08 41 08 41 08 41 08 41 08 41 08 21 08 21 08 01 00 42 10 82 10
568,57.476460,OUT,9,0x0,0,
569,58.429710,OUT,9,0x0,6,2f 0f 83 25 09 c5
570,58.430120,OUT,9,0x0,0,
571,58.430209,OUT,9,0x0,504,25 29 c4 20 25 29 d3 9c 76 b5 75 ad 76 b5 75 ad 75 ad 25 29 66 29 25 29 05 21 04 21 45 29 04 21
572,58.433088,OUT,9,0x0,0,
573,58.433168,OUT,9,0x0,6,32 8f 83 5d 09 c5
574,58.433386,OUT,9,0x0,0,
575,58.433413,OUT,9,0x0,504,25 29 66 31 10 84 76 b5 76 ad 75 ad 75 ad 75 ad 75 ad 75 ad 75 ad ec 5a 25 21 25 29 45 29 d3 9c
576,58.436334,OUT,9,0x0,0,
577,58.436398,OUT,9,0x0,6,43 8f 84 6d 09 c5
578,58.436625,OUT,9,0x0,0,
579,58.436679,OUT,9,0x0,504,14 ad c8 41 e4 18 25 21 05 21 25 21 28 42 75 ad 75 ad 75 ad ec 5a e4 20 e4 20 04 21 ec 62 05 21
580,58.439490,OUT,9,0x0,0,
581,58.439660,OUT,9,0x0,6,12 c3 d1 80 58 c5
582,58.439768,OUT,9,0x0,0,
583,58.439798,OUT,9,0x0,1232,ff ff ff ff ff ff ff ff ff ff ff ff ff ff ff ff ff ff ff ff fb d6 d4 84 d4 84 d4 84 d4 84 d4 84
584,58.447372,OUT,9,0x0,0,
585,58.447586,OUT,9,0x0,6,40 01 f4 34 30 c5
586,58.447639,OUT,9,0x0,0,
587,58.447665,OUT,9,0x0,504,83 10 ef 7b 75 ad 75 ad 75 ad 75 ad 75 ad 75 ad 75 ad 75 ad 75 ad 75 ad 82 10 82 18 a3 10 75 ad
588,58.450415,OUT,9,0x0,0,
589,58.450467,OUT,9,0x0,6,43 81 f4 6c 30 c5
590,58.450728,OUT,9,0x0,0,
591,58.450763,OUT,9,0x0,504,82 18 82 18 ef 7b 75 ad 75 ad 75 ad 75 ad 75 ad 75 ad 75 ad 14 a5 08 42 82 18 82 18 82 18 d7 bd
592,58.453586,OUT,9,0x0,0,
593,58.455236,OUT,9,0x0,6,0c 4a 30 f8 b4 c5
594,58.455285,OUT,9,0x0,0,
595,58.455325,OUT,9,0x0,504,04 21 04 21 6e 73 75 ad 75 ad 75 ad 75 ad 75 ad 75 ad 75 ad d3 9c 04 21 04 21 04 21 04 21 d3 9c
596,58.458193,OUT,9,0x0,0,
597,58.458286,OUT,9,0x0,6,0f ca 31 30 b4 c5
598,58.458505,OUT,9,0x0,0,
599,58.458569,OUT,9,0x0,504,04 21 04 21 6e 73 75 ad 75 ad 75 ad 75 ad 75 ad 75 ad 75 ad d3 9c 04 21 04 21 04 21 04 21 d3 9c
600,58.461413,OUT,9,0x0,0,
601,58.463113,OUT,9,0x0,6,1f 0a 32 24 b4 c5
602,58.463156,OUT,9,0x0,0,
603,58.463200,OUT,9,0x0,504,04 21 e4 20 04 21 e4 20 e4 18 e4 20 28 42 75 ad 75 ad 75 ad cb 5a c4 18 c4 18 c4 18 04 21 04 21
604,58.466081,OUT,9,0x0,0,
605,58.466298,OUT,9,0x0,6,3d 44 64 c4 52 c5
606,58.466400,OUT,9,0x0,0,
607,58.466437,OUT,9,0x0,1586,05 21 05 21 05 21 05 21 05 21 05 21 05 21 05 21 05 21 05 21 05 21 05 21 05 21 05 21 05 21 05 21
608,58.475802,OUT,9,0x0,0,
609,58.476030,OUT,9,0x0,6,03 0c 31 20 cf c5
610,58.476080,OUT,9,0x0,0,
611,58.476114,OUT,9,0x0,1586,58 9e 58 9e 58 9e 58 9e 58 9e 58 9e 58 9e 58 9e 58 9e 58 9e 58 9e 58 9e 58 9e 58 9e 58 9e 58 9e
612,58.485478,OUT,9,0x0,0,
613,58.485690,OUT,9,0x0,6,28 11 b4 bd 27 c5
614,58.485740,OUT,9,0x0,0,
615,58.485768,OUT,9,0x0,3744,42 08 42 08 62 10 62 10 62 10 42 08 42 08 41 08 41 08 41 08 41 08 41 08 21 08 21 08 01 00 42 10
616,58.508165,OUT,9,0x0,0,
617,59.416924,OUT,9,0x0,6,32 8f 83 5d 09 c5
618,59.417327,OUT,9,0x0,0,
619,59.417389,OUT,9,0x0,504,25 29 66 31 46 31 d3 9c 76 ad 75 ad 75 ad 75 ad 75 ad 04 21 25 29 05 21 25 21 25 29 45 29 65 29
620,59.420301,OUT,9,0x0,0,
621,59.420371,OUT,9,0x0,6,43 8f 84 6d 09 c5
622,59.420591,OUT,9,0x0,0,
623,59.420636,OUT,9,0x0,504,14 ad 30 84 75 ad 75 ad 75 ad 75 ad 75 ad 75 ad 75 ad 75 ad 75 ad 75 ad e4 20 04 21 ec 62 75 ad
624,59.423419,OUT,9,0x0,0,
625,59.423508,OUT,9,0x0,6,43 81 f4 6c 30 c5
626,59.423694,OUT,9,0x0,0,
627,59.423725,OUT,9,0x0,504,82 18 82 18 ef 7b 75 ad 75 ad 75 ad 75 ad 75 ad 75 ad 75 ad 75 ad cb 5a 82 18 82 18 82 18 b2 94
628,59.426621,OUT,9,0x0,0,
629,59.426707,OUT,9,0x0,6,08 ca 30 c0 b4 c5
630,59.426934,OUT,9,0x0,0,
631,59.426982,OUT,9,0x0,504,a6 61 a6 59 8e 83 75 b5 75 b5 75 b5 75 ad 75 ad 75 ad 75 ad b3 9c e4 20 04 21 04 21 07 62 f3 ac
632,59.429836,OUT,9,0x0,0,
633,59.431604,OUT,9,0x0,6,0c 4a 30 f8 b4 c5
634,59.431651,OUT,9,0x0,0,
635,59.431686,OUT,9,0x0,504,04 21 04 21 ef 7b 75 ad 75 ad 75 ad 75 ad 75 ad 75 ad 75 ad 75 ad eb 5a 04 21 04 21 04 21 d3 9c
636,59.434504,OUT,9,0x0,0,
637,59.434637,OUT,9,0x0,6,0f ca 31 30 b4 c5
638,59.434815,OUT,9,0x0,0,
639,59.434846,OUT,9,0x0,504,04 21 04 21 ef 7b 75 ad 75 ad 75 ad 75 ad 75 ad 75 ad 75 ad d3 9c 04 21 04 21 04 21 04 21 d7 bd
640,59.437731,OUT,9,0x0,0,
641,59.437807,OUT,9,0x0,6,1f 0a 32 24 b4 c5
642,59.438034,OUT,9,0x0,0,
643,59.438060,OUT,9,0x0,504,04 21 e4 20 eb 5a 75 ad 75 ad 75 ad 75 ad 75 ad 75 ad 75 ad b3 94 08 42 c4 18 c4 18 04 21 71 8c
644,59.440928,OUT,9,0x0,0,
645,59.441001,OUT,9,0x0,6,3c c4 64 c4 52 c5
646,59.441218,OUT,9,0x0,0,
647,59.441259,OUT,9,0x0,1638,05 21 05 21 05 21 05 21 05 21 05 21 05 21 05 21 05 21 05 21 05 21 05 21 05 21 05 21 05 21 05 21
648,59.450919,OUT,9,0x0,0,
649,59.451130,OUT,9,0x0,6,12 0c 32 5c cf c5
650,59.451180,OUT,9,0x0,0,
651,59.451273,OUT,9,0x0,2080,66 29 66 29 66 29 66 29 66 31 66 31 66 29 66 31 66 29 66 29 66 29 66 31 66 31 66 31 66 31 66 31
652,59.463702,OUT,9,0x0,0,
653,59.463984,OUT,9,0x0,6,28 51 b4 bd 27 c5
654,59.464037,OUT,9,0x0,0,
655,59.464069,OUT,9,0x0,3718,42 08 62 10 62 10 62 10 42 08 42 08 41 08 41 08 41 08 41 08 41 08 21 08 21 08 01 00 42 10 82 10
656,59.486346,OUT,9,0x0,0,
657,60.453390,OUT,9,0x0,6,2f 0f 83 25 09 c5
658,60.453778,OUT,9,0x0,0,
659,60.453872,OUT,9,0x0,504,25 29 c4 20 8e 73 96 b5 76 b5 75 ad 76 b5 75 ad 75 ad 75 ad d3 9c 25 29 05 21 04 21 45 29 d3 9c
660,60.456695,OUT,9,0x0,0,
661,60.458435,OUT,9,0x0,6,32 8f 83 5d 09 c5
662,60.458481,OUT,9,0x0,0,
663,60.458549,OUT,9,0x0,504,25 29 10 84 76 b5 76 b5 76 ad 75 ad 75 ad 75 ad 75 ad 75 ad 75 ad 75 ad 25 21 25 29 45 29 75 ad
664,60.461335,OUT,9,0x0,0,
665,60.463009,OUT,9,0x0,6,43 8f 84 6d 09 c5
666,60.463055,OUT,9,0x0,0,
667,60.463155,OUT,9,0x0,504,14 ad 96 b5 75 ad 75 ad 75 ad 75 ad 75 ad 75 ad 75 ad 75 ad 75 ad 75 ad ef 7b 04 21 ec 62 ff ff
668,60.466006,OUT,9,0x0,0,
669,60.466144,OUT,9,0x0,6,43 81 f4 6c 30 c5
670,60.466286,OUT,9,0x0,0,
671,60.466383,OUT,9,0x0,504,82 18 82 18 ef 7b 75 ad 75 ad 75 ad 75 ad 75 ad 75 ad 75 ad 14 a5 08 42 82 18 82 18 82 18 d7 bd
672,60.469192,OUT,9,0x0,0,
673,60.469320,OUT,9,0x0,6,0c 4a 30 f8 b4 c5
674,60.469501,OUT,9,0x0,0,
675,60.469602,OUT,9,0x0,504,04 21 75 ad 75 ad 75 ad 75 ad 75 ad 75 ad 75 ad 75 ad 75 ad 75 ad 75 ad ef 7b 04 21 04 21 ff ff
676,60.472409,OUT,9,0x0,0,
677,60.472544,OUT,9,0x0,6,0f ca 31 30 b4 c5
678,60.472724,OUT,9,0x0,0,
679,60.472816,OUT,9,0x0,504,04 21 04 21 ef 7b 75 ad 75 ad 75 ad 75 ad 75 ad 75 ad 75 ad 14 a5 28 42 04 21 04 21 04 21 d7 bd
680,60.475613,OUT,9,0x0,0,
681,60.475781,OUT,9,0x0,6,3d 44 64 c4 52 c5
682,60.475890,OUT,9,0x0,0,
683,60.475984,OUT,9,0x0,1586,05 21 05 21 05 21 05 21 05 21 05 21 05 21 05 21 05 21 05 21 05 21 05 21 05 21 05 21 05 21 05 21
684,60.485307,OUT,9,0x0,0,
685,60.485577,OUT,9,0x0,6,29 11 b4 bd 27 c5
686,60.485630,OUT,9,0x0,0,
687,60.485678,OUT,9,0x0,3640,62 10 42 08 42 08 41 08 41 08 41 08 41 08 41 08 21 08 21 08 01 00 42 10 82 10 42 08 21 08 42 10
688,60.507329,OUT,9,0x0,0,
689,61.450416,OUT,9,0x0,6,0c d0 01 21 1b c5
690,61.450809,OUT,9,0x0,0,
691,61.450906,OUT,9,0x0,1232,ff ff ff ff d4 84 d4 84 d4 84 d4 84 d4 84 d4 84 d4 84 d4 84 d4 84 d4 84 d4 84 d4 84 d4 84 d4 84
692,61.458447,OUT,9,0x0,0,
693,61.458696,OUT,9,0x0,6,2f 0f 83 25 09 c5
694,61.458745,OUT,9,0x0,0,
695,61.458777,OUT,9,0x0,504,25 29 c4 20 25 29 d3 9c 76 b5 75 ad 76 b5 75 ad 75 ad 25 29 66 29 25 29 05 21 04 21 45 29 04 21
696,61.461552,OUT,9,0x0,0,
697,61.463181,OUT,9,0x0,6,32 8f 83 5d 09 c5
698,61.463227,OUT,9,0x0,0,
699,61.463272,OUT,9,0x0,504,25 29 66 31 8e 73 76 b5 76 ad 75 ad 75 ad 75 ad 75 ad 75 ad d3 9c 05 21 25 21 25 29 45 29 d3 9c
700,61.466089,OUT,9,0x0,0,
701,61.467447,OUT,9,0x0,6,43 8f 84 6d 09 c5
702,61.467492,OUT,9,0x0,0,
703,61.467528,OUT,9,0x0,504,14 ad c8 41 ef 7b 75 ad 75 ad 75 ad 75 ad 75 ad 75 ad 75 ad 75 ad eb 5a e4 20 04 21 ec 62 d3 9c
704,61.470335,OUT,9,0x0,0,
705,61.470555,OUT,9,0x0,6,40 01 f4 34 30 c5
706,61.470656,OUT,9,0x0,0,
707,61.470692,OUT,9,0x0,504,83 10 a3 10 ef 7b 75 ad 75 ad 75 ad 75 ad 75 ad 75 ad 75 ad b2 94 82 10 82 10 82 18 a3 10 d7 bd
708,61.473508,OUT,9,0x0,0,
709,61.475059,OUT,9,0x0,6,43 81 f4 6c 30 c5
710,61.475106,OUT,9,0x0,0,
711,61.475199,OUT,9,0x0,504,82 18 82 18 ef 7b 75 ad 75 ad 75 ad 75 ad 75 ad 75 ad 75 ad 14 a5 cb 5a 82 18 82 18 82 18 d7 bd
712,61.478089,OUT,9,0x0,0,
713,61.479579,OUT,9,0x0,6,0f ca 31 30 b4 c5
714,61.479627,OUT,9,0x0,0,
715,61.479665,OUT,9,0x0,504,04 21 04 21 eb 5a 75 ad 75 ad 75 ad 75 ad 75 ad 75 ad 75 ad d3 9c 28 42 04 21 04 21 04 21 71 8c
716,61.482417,OUT,9,0x0,0,
717,61.482497,OUT,9,0x0,6,3d 84 64 c4 52 c5
718,61.482716,OUT,9,0x0,0,
719,61.482745,OUT,9,0x0,1560,05 21 05 21 05 21 05 21 05 21 05 21 05 21 05 21 05 21 05 21 05 21 05 21 05 21 05 21 05 21 05 21
720,61.492027,OUT,9,0x0,0,
721,61.492240,OUT,9,0x0,6,29 91 b4 bd 27 c5
722,61.492291,OUT,9,0x0,0,
723,61.492343,OUT,9,0x0,3588,42 08 41 08 41 08 41 08 41 08 41 08 21 08 21 08 01 00 42 10 82 10 42 08 21 08 42 10 63 18 83 18
724,61.513939,OUT,9,0x0,0,
725,62.519376,OUT,9,0x0,6,2b 8f 82 ed 09 c5
726,62.519774,OUT,9,0x0,0,
727,62.519914,OUT,9,0x0,504,c7 49 75 ad 75 ad 75 ad 75 ad 75 ad 75 ad 75 ad 76 b5 96 b5 75 ad 75 ad 10 84 45 29 a6 49 ff ff
728,62.522836,OUT,9,0x0,0,
729,62.524453,OUT,9,0x0,6,2f 0f 83 25 09 c5
730,62.524499,OUT,9,0x0,0,
731,62.524535,OUT,9,0x0,504,25 29 c4 20 10 84 96 b5 76 b5 75 ad 76 b5 75 ad 75 ad 75 ad d3 9c 25 29 05 21 04 21 45 29 d7 bd
732,62.527417,OUT,9,0x0,0,
733,62.527535,OUT,9,0x0,6,32 8f 83 5d 09 c5
734,62.527717,OUT,9,0x0,0,
735,62.527758,OUT,9,0x0,504,25 29 66 31 0c 63 76 b5 76 ad 75 ad 75 ad 75 ad 75 ad 75 ad d3 9c 29 42 25 21 25 29 45 29 71 8c
736,62.530598,OUT,9,0x0,0,
737,62.530642,OUT,9,0x0,6,40 0f 84 35 09 c5
738,62.530893,OUT,9,0x0,0,
739,62.530919,OUT,9,0x0,504,04 21 e4 20 e4 20 b3 9c 75 ad 75 ad 75 ad 75 ad 75 ad 04 19 e4 18 c4 18 05 29 11 8c e4 20 e4 18
740,62.533833,OUT,9,0x0,0,
741,62.533949,OUT,9,0x0,6,43 8f 84 6d 09 c5
742,62.534132,OUT,9,0x0,0,
743,62.534175,OUT,9,0x0,504,14 ad c8 41 e4 18 d3 9c 75 ad 75 ad 75 ad 75 ad 75 ad 05 21 05 21 e4 20 e4 20 04 21 ec 62 05 21
744,62.537008,OUT,9,0x0,0,
745,62.537241,OUT,9,0x0,6,12 c3 d1 80 58 c5
746,62.537340,OUT,9,0x0,0,
747,62.537376,OUT,9,0x0,1232,ff ff ff ff ff ff fb d6 76 9d d4 84 d4 84 d4 84 d4 84 d4 84 d4 84 d4 84 d4 84 d4 84 d4 84 d4 84
748,62.544956,OUT,9,0x0,0,
749,62.546758,OUT,9,0x0,6,43 81 f4 6c 30 c5
750,62.546810,OUT,9,0x0,0,
751,62.546855,OUT,9,0x0,504,82 18 82 18 82 18 b2 94 75 ad 75 ad 75 ad 75 ad 75 ad 82 18 82 18 82 18 82 18 82 18 82 18 82 18
752,62.549601,OUT,9,0x0,0,
753,62.549813,OUT,9,0x0,6,08 ca 30 c0 b4 c5
754,62.549894,OUT,9,0x0,0,
755,62.549924,OUT,9,0x0,504,a6 61 a6 59 0c 73 75 b5 75 b5 75 b5 75 ad 75 ad 75 ad 75 ad b3 9c 28 42 04 21 04 21 07 62 91 9c
756,62.552843,OUT,9,0x0,0,
757,62.552916,OUT,9,0x0,6,0c 4a 30 f8 b4 c5
758,62.553128,OUT,9,0x0,0,
759,62.553189,OUT,9,0x0,504,04 21 04 21 04 21 d3 9c 75 ad 75 ad 75 ad 75 ad 75 ad 04 21 04 21 04 21 04 21 04 21 04 21 04 21
760,62.555931,OUT,9,0x0,0,
761,62.556002,OUT,9,0x0,6,0f ca 31 30 b4 c5
762,62.556221,OUT,9,0x0,0,
763,62.556273,OUT,9,0x0,504,04 21 04 21 ef 7b 75 ad 75 ad 75 ad 75 ad 75 ad 75 ad 75 ad 75 ad eb 5a 04 21 04 21 04 21 d3 9c
764,62.559170,OUT,9,0x0,0,
765,62.560880,OUT,9,0x0,6,47 18 f4 a5 a0 c5
766,62.560931,OUT,9,0x0,0,
767,62.560967,OUT,9,0x0,504,62 08 82 08 ef 7b 75 ad 75 ad 75 ad 75 ad 75 ad 75 ad 75 ad 75 ad cb 5a 82 08 82 08 82 08 b2 94
768,62.563842,OUT,9,0x0,0,
769,62.564020,OUT,9,0x0,6,2a 91 b4 bd 27 c5
770,62.564128,OUT,9,0x0,0,
771,62.564168,OUT,9,0x0,3484,41 08 41 08 21 08 21 08 01 00 42 10 82 10 42 08 21 08 42 10 63 18 83 18 63 18 84 18 a4 20 a4 20
772,62.584454,OUT,9,0x0,0,
773,63.548027,OUT,9,0x0,6,2f 0f 83 25 09 c5
774,63.548419,OUT,9,0x0,0,
775,63.548486,OUT,9,0x0,504,25 29 c4 20 25 29 d3 9c 76 b5 75 ad 76 b5 75 ad 75 ad 25 29 66 29 25 29 05 21 04 21 45 29 04 21
776,63.551327,OUT,9,0x0,0,
777,63.551375,OUT,9,0x0,6,32 8f 83 5d 09 c5
778,63.551629,OUT,9,0x0,0,
779,63.551657,OUT,9,0x0,504,25 29 10 84 76 b5 76 b5 76 ad 75 ad 75 ad 75 ad 75 ad 75 ad 75 ad 75 ad 25 21 25 29 45 29 75 ad
780,63.554418,OUT,9,0x0,0,
781,63.554492,OUT,9,0x0,6,43 8f 84 6d 09 c5
782,63.554710,OUT,9,0x0,0,
783,63.554757,OUT,9,0x0,504,14 ad 30 84 75 ad 75 ad 75 ad 75 ad 75 ad 75 ad 75 ad 75 ad 75 ad 75 ad e4 20 04 21 ec 62 75 ad
784,63.557598,OUT,9,0x0,0,
785,63.557664,OUT,9,0x0,6,12 c3 d1 80 58 c5
786,63.557893,OUT,9,0x0,0,
787,63.557940,OUT,9,0x0,1232,ff ff ff ff d4 84 d4 84 d4 84 d4 84 d4 84 d4 84 d4 84 d4 84 d4 84 d4 84 d4 84 d4 84 d4 84 d4 84
788,63.565469,OUT,9,0x0,0,
789,63.565693,OUT,9,0x0,6,08 ca 30 c0 b4 c5
790,63.565746,OUT,9,0x0,0,
791,63.565775,OUT,9,0x0,504,a6 61 a6 59 8e 83 75 b5 75 b5 75 b5 75 ad 75 ad 75 ad 75 ad b3 9c e4 20 04 21 04 21 07 62 f3 ac
792,63.568588,OUT,9,0x0,0,
793,63.568642,OUT,9,0x0,6,0c 4a 30 f8 b4 c5
794,63.568895,OUT,9,0x0,0,
795,63.568948,OUT,9,0x0,504,04 21 75 ad 75 ad 75 ad 75 ad 75 ad 75 ad 75 ad 75 ad 75 ad 75 ad 75 ad ef 7b 04 21 04 21 ff ff
796,63.571746,OUT,9,0x0,0,
797,63.571799,OUT,9,0x0,6,0f ca 31 30 b4 c5
798,63.572032,OUT,9,0x0,0,
799,63.572062,OUT,9,0x0,504,04 21 04 21 04 21 04 21 04 21 04 21 28 42 75 ad 75 ad 75 ad eb 5a 04 21 04 21 04 21 04 21 04 21
800,63.574930,OUT,9,0x0,0,
801,63.575131,OUT,9,0x0,6,2c 11 b4 bd 27 c5
802,63.575235,OUT,9,0x0,0,
803,63.575273,OUT,9,0x0,3328,82 10 42 08 21 08 42 10 63 18 83 18 63 18 84 18 a4 20 a4 20 a5 28 a5 28 a5 20 a5 20 c5 20 a5 20
804,63.594606,OUT,9,0x0,0,
805,64.523521,OUT,9,0x0,6,2f 0f 83 25 09 c5
806,64.523911,OUT,9,0x0,0,
807,64.523965,OUT,9,0x0,504,25 29 c4 20 10 84 96 b5 76 b5 75 ad 76 b5 75 ad 75 ad 75 ad 76 ad ec 62 05 21 04 21 45 29 d3 9c
808,64.526846,OUT,9,0x0,0,
809,64.526920,OUT,9,0x0,6,32 8f 83 5d 09 c5
810,64.527141,OUT,9,0x0,0,
811,64.527190,OUT,9,0x0,504,25 29 76 b5 76 b5 76 b5 76 ad 75 ad 75 ad 75 ad 75 ad 75 ad 75 ad 75 ad 10 7c 25 29 45 29 ff ff
812,64.530088,OUT,9,0x0,0,
813,64.530138,OUT,9,0x0,6,43 8f 84 6d 09 c5
814,64.530393,OUT,9,0x0,0,
815,64.530422,OUT,9,0x0,504,14 ad c8 41 ef 7b 75 ad 75 ad 75 ad 75 ad 75 ad 75 ad 75 ad 14 a5 28 42 e4 20 04 21 ec 62 d7 bd
816,64.533330,OUT,9,0x0,0,
817,64.535165,OUT,9,0x0,6,43 81 f4 6c 30 c5
818,64.535215,OUT,9,0x0,0,
819,64.535253,OUT,9,0x0,504,82 18 82 18 6d 6b 75 ad 75 ad 75 ad 75 ad 75 ad 75 ad 75 ad b2 94 82 18 82 18 82 18 82 18 b2 94
820,64.538092,OUT,9,0x0,0,
821,64.538246,OUT,9,0x0,6,0f ca 31 30 b4 c5
822,64.538385,OUT,9,0x0,0,
823,64.538415,OUT,9,0x0,504,04 21 04 21 ef 7b 75 ad 75 ad 75 ad 75 ad 75 ad 75 ad 75 ad 75 ad eb 5a 04 21 04 21 04 21 d3 9c
824,64.541331,OUT,9,0x0,0,
825,64.541441,OUT,9,0x0,6,27 04 63 e0 52 c5
826,64.541625,OUT,9,0x0,0,
827,64.541658,OUT,9,0x0,2418,58 9e 58 9e 58 9e 58 9e 58 9e 58 9e 58 9e 58 9e 58 9e 58 9e 58 9e 58 9e 58 9e 58 9e 58 9e 58 9e
828,64.555581,OUT,9,0x0,0,
829,64.555796,OUT,9,0x0,6,2d 91 b4 bd 27 c5
830,64.555896,OUT,9,0x0,0,
831,64.555930,OUT,9,0x0,3172,63 18 84 18 a4 20 a4 20 a5 28 a5 28 a5 20 a5 20 c5 20 a5 20 84 20 84 18 a5 20 a5 18 a5 18 a4 18
832,64.574412,OUT,9,0x0,0,
833,65.534241,OUT,9,0x0,6,32 8f 83 5d 09 c5
834,65.534643,OUT,9,0x0,0,
835,65.534694,OUT,9,0x0,504,25 29 66 31 10 84 76 b5 76 ad 75 ad 75 ad 75 ad 75 ad 75 ad 75 ad ec 5a 25 21 25 29 45 29 d3 9c
836,65.537632,OUT,9,0x0,0,
837,65.537686,OUT,9,0x0,6,40 0f 84 35 09 c5
838,65.537933,OUT,9,0x0,0,
839,65.537982,OUT,9,0x0,504,04 21 e4 20 6e 73 75 ad 75 ad 75 ad 75 ad 75 ad 75 ad 75 ad b3 94 c4 18 05 29 11 8c e4 20 b3 94
840,65.540841,OUT,9,0x0,0,
841,65.540897,OUT,9,0x0,6,43 8f 84 6d 09 c5
842,65.541153,OUT,9,0x0,0,
843,65.541189,OUT,9,0x0,504,14 ad c8 41 eb 5a 75 ad 75 ad 75 ad 75 ad 75 ad 75 ad 75 ad d3 9c 28 42 e4 20 04 21 ec 62 71 8c
844,65.544093,OUT,9,0x0,0,
845,65.544259,OUT,9,0x0,6,12 c3 d1 80 58 c5
846,65.544405,OUT,9,0x0,0,
847,65.544449,OUT,9,0x0,1232,ff ff ff ff ff ff ff ff ff ff ff ff ff ff ff ff ff ff ff ff fb d6 d4 84 d4 84 d4 84 d4 84 d4 84
848,65.552014,OUT,9,0x0,0,
849,65.552204,OUT,9,0x0,6,40 01 f4 34 30 c5
850,65.552259,OUT,9,0x0,0,
851,65.552286,OUT,9,0x0,504,83 10 ef 7b 75 ad 75 ad 75 ad 75 ad 75 ad 75 ad 75 ad 75 ad 75 ad 75 ad 82 10 82 18 a3 10 75 ad
852,65.555093,OUT,9,0x0,0,
853,65.555148,OUT,9,0x0,6,43 81 f4 6c 30 c5
854,65.555399,OUT,9,0x0,0,
855,65.555426,OUT,9,0x0,504,82 18 82 18 ef 7b 75 ad 75 ad 75 ad 75 ad 75 ad 75 ad 75 ad 14 a5 08 42 82 18 82 18 82 18 d7 bd
856,65.558339,OUT,9,0x0,0,
857,65.558390,OUT,9,0x0,6,0c 4a 30 f8 b4 c5
858,65.558644,OUT,9,0x0,0,
859,65.558676,OUT,9,0x0,504,04 21 04 21 ef 7b 75 ad 75 ad 75 ad 75 ad 75 ad 75 ad 75 ad 75 ad eb 5a 04 21 04 21 04 21 d3 9c
860,65.561510,OUT,9,0x0,0,
861,65.561686,OUT,9,0x0,6,0f ca 31 30 b4 c5
862,65.561795,OUT,9,0x0,0,
863,65.561838,OUT,9,0x0,504,04 21 04 21 04 21 d3 9c 75 ad 75 ad 75 ad 75 ad 75 ad 04 21 04 21 04 21 04 21 04 21 04 21 04 21
864,65.564602,OUT,9,0x0,0,
865,65.564677,OUT,9,0x0,6,3d 44 64 c4 52 c5
866,65.564895,OUT,9,0x0,0,
867,65.564925,OUT,9,0x0,1586,05 21 05 21 05 21 05 21 05 21 05 21 05 21 05 21 05 21 05 21 05 21 05 21 05 21 05 21 05 21 05 21
868,65.574010,OUT,9,0x0,0,
869,65.574217,OUT,9,0x0,6,2f 11 b4 bd 27 c5
870,65.574275,OUT,9,0x0,0,
871,65.574338,OUT,9,0x0,3016,a5 20 a5 20 c5 20 a5 20 84 20 84 18 a5 20 a5 18 a5 18 a4 18 a4 18 84 18 84 18 83 18 83 18 83 10
872,65.591989,OUT,9,0x0,0,
873,66.611411,OUT,9,0x0,6,32 8f 83 5d 09 c5
874,66.611806,OUT,9,0x0,0,
875,66.611858,OUT,9,0x0,504,25 29 66 31 0c 63 76 b5 76 ad 75 ad 75 ad 75 ad 75 ad 75 ad d3 9c 29 42 25 21 25 29 45 29 71 8c
876,66.614766,OUT,9,0x0,0,
877,66.614834,OUT,9,0x0,6,43 8f 84 6d 09 c5
878,66.615074,OUT,9,0x0,0,
879,66.615103,OUT,9,0x0,504,14 ad c8 41 ef 7b 75 ad 75 ad 75 ad 75 ad 75 ad 75 ad 75 ad d3 9c e4 20 e4 20 04 21 ec 62 d7 bd
880,66.618018,OUT,9,0x0,0,
881,66.618110,OUT,9,0x0,6,40 01 f4 34 30 c5
882,66.618293,OUT,9,0x0,0,
883,66.618336,OUT,9,0x0,504,83 10 a3 10 ef 7b 75 ad 75 ad 75 ad 75 ad 75 ad 75 ad 75 ad b2 94 82 10 82 10 82 18 a3 10 d7 bd
884,66.621277,OUT,9,0x0,0,
885,66.621417,OUT,9,0x0,6,43 81 f4 6c 30 c5
886,66.621559,OUT,9,0x0,0,
887,66.621596,OUT,9,0x0,504,82 18 82 18 82 18 82 18 82 18 82 18 08 42 75 ad 75 ad 75 ad cb 5a 82 18 82 18 82 18 82 18 82 18
888,66.624414,OUT,9,0x0,0,
889,66.624481,OUT,9,0x0,6,08 ca 30 c0 b4 c5
890,66.624702,OUT,9,0x0,0,
891,66.624733,OUT,9,0x0,504,a6 61 a6 59 0c 73 75 b5 75 b5 75 b5 75 ad 75 ad 75 ad 75 ad b3 9c 28 42 04 21 04 21 07 62 91 9c
892,66.627592,OUT,9,0x0,0,
893,66.629287,OUT,9,0x0,6,0c 4a 30 f8 b4 c5
894,66.629333,OUT,9,0x0,0,
895,66.629368,OUT,9,0x0,504,04 21 04 21 ef 7b 75 ad 75 ad 75 ad 75 ad 75 ad 75 ad 75 ad 14 a5 eb 5a 04 21 04 21 04 21 d7 bd
896,66.632199,OUT,9,0x0,0,
897,66.632272,OUT,9,0x0,6,0f ca 31 30 b4 c5
898,66.632489,OUT,9,0x0,0,
899,66.632532,OUT,9,0x0,504,04 21 ef 7b 75 ad 75 ad 75 ad 75 ad 75 ad 75 ad 75 ad 75 ad 75 ad 75 ad 04 21 04 21 04 21 75 ad
900,66.635340,OUT,9,0x0,0,
901,66.635513,OUT,9,0x0,6,27 04 63 ec 52 c5
902,66.635655,OUT,9,0x0,0,
903,66.635690,OUT,9,0x0,2496,58 9e 58 9e 58 9e 58 9e 58 9e 58 9e 58 9e 58 9e 58 9e 58 9e 58 9e 58 9e 58 9e 58 9e 58 9e 58 9e
904,66.650027,OUT,9,0x0,0,
905,66.650242,OUT,9,0x0,6,26 91 b3 01 27 c5
906,66.650349,OUT,9,0x0,0,
907,66.650377,OUT,9,0x0,1014,58 9e 58 9e 58 9e 58 9e 58 9e 58 9e 58 9e 58 9e 58 9e 58 9e 58 9e 58 9e 58 9e 58 9e 58 9e 58 9e
908,66.656192,OUT,9,0x0,0,
909,67.535291,OUT,9,0x0,6,32 8f 83 5d 09 c5
910,67.535675,OUT,9,0x0,0,
911,67.535743,OUT,9,0x0,504,25 29 66 31 10 84 76 b5 76 ad 75 ad 75 ad 75 ad 75 ad 75 ad 34 a5 29 42 25 21 25 29 45 29 d7 bd
912,67.538593,OUT,9,0x0,0,
913,67.538649,OUT,9,0x0,6,43 8f 84 6d 09 c5
914,67.538898,OUT,9,0x0,0,
915,67.538934,OUT,9,0x0,504,14 ad c8 41 eb 5a 75 ad 75 ad 75 ad 75 ad 75 ad 75 ad 75 ad d3 9c 28 42 e4 20 04 21 ec 62 71 8c
916,67.541843,OUT,9,0x0,0,
917,67.541918,OUT,9,0x0,6,12 c3 d1 80 58 c5
918,67.542138,OUT,9,0x0,0,
919,67.542174,OUT,9,0x0,1232,ff ff ff ff d4 84 d4 84 d4 84 d4 84 d4 84 d4 84 d4 84 d4 84 d4 84 d4 84 d4 84 d4 84 d4 84 d4 84
920,67.549723,OUT,9,0x0,0,
921,67.551462,OUT,9,0x0,6,40 01 f4 34 30 c5
922,67.551514,OUT,9,0x0,0,
923,67.551554,OUT,9,0x0,504,83 10 75 ad 75 ad 75 ad 75 ad 75 ad 75 ad 75 ad 75 ad 75 ad 75 ad 75 ad ef 7b 82 18 a3 10 ff ff
924,67.554330,OUT,9,0x0,0,
925,67.554389,OUT,9,0x0,6,43 81 f4 6c 30 c5
926,67.554641,OUT,9,0x0,0,
927,67.554690,OUT,9,0x0,504,82 18 82 18 6d 6b 75 ad 75 ad 75 ad 75 ad 75 ad 75 ad 75 ad b2 94 82 18 82 18 82 18 82 18 b2 94
928,67.557504,OUT,9,0x0,0,
929,67.557593,OUT,9,0x0,6,08 ca 30 c0 b4 c5
930,67.557814,OUT,9,0x0,0,
931,67.557843,OUT,9,0x0,504,a6 61 a6 59 8e 83 75 b5 75 b5 75 b5 75 ad 75 ad 75 ad 75 ad b3 9c e4 20 04 21 04 21 07 62 f3 ac
932,67.560612,OUT,9,0x0,0,
933,67.560667,OUT,9,0x0,6,0c 4a 30 f8 b4 c5
934,67.560898,OUT,9,0x0,0,
935,67.560927,OUT,9,0x0,504,04 21 04 21 ef 7b 75 ad 75 ad 75 ad 75 ad 75 ad 75 ad 75 ad d3 9c 04 21 04 21 04 21 04 21 d7 bd
936,67.563736,OUT,9,0x0,0,
937,67.563899,OUT,9,0x0,6,0f ca 31 30 b4 c5
938,67.564044,OUT,9,0x0,0,
939,67.564077,OUT,9,0x0,504,04 21 04 21 ef 7b 75 ad 75 ad 75 ad 75 ad 75 ad 75 ad 75 ad d3 9c 04 21 04 21 04 21 04 21 d7 bd
940,67.566936,OUT,9,0x0,0,
941,67.567020,OUT,9,0x0,6,27 04 64 1c 52 c5
942,67.567231,OUT,9,0x0,0,
943,67.567301,OUT,9,0x0,2808,58 9e 58 9e 58 9e 58 9e 58 9e 58 9e 58 9e 58 9e 58 9e 58 9e 58 9e 58 9e 58 9e 58 9e 58 9e 58 9e
944,67.583579,OUT,9,0x0,0,
945,67.583798,OUT,9,0x0,6,2f 11 b4 bd 27 c5
946,67.583899,OUT,9,0x0,0,
947,67.583984,OUT,9,0x0,3016,a5 20 a5 20 c5 20 a5 20 84 20 84 18 a5 20 a5 18 a5 18 a4 18 a4 18 84 18 84 18 83 18 83 18 83 10
948,67.601779,OUT,9,0x0,0,
949,68.516014,OUT,9,0x0,6,43 8f 84 6d 09 c5
950,68.516404,OUT,9,0x0,0,
951,68.516475,OUT,9,0x0,504,14 ad 30 84 75 ad 75 ad 75 ad 75 ad 75 ad 75 ad 75 ad 75 ad 75 ad 75 ad e4 20 04 21 ec 62 75 ad
952,68.519343,OUT,9,0x0,0,
953,68.519391,OUT,9,0x0,6,12 c3 d1 80 58 c5
954,68.519647,OUT,9,0x0,0,
955,68.519694,OUT,9,0x0,1232,ff ff ff ff ff ff ff ff ff ff ff ff ff ff ff ff ff ff ff ff fb d6 d4 84 d4 84 d4 84 d4 84 d4 84
956,68.527396,OUT,9,0x0,0,
957,68.527653,OUT,9,0x0,6,40 01 f4 34 30 c5
958,68.527703,OUT,9,0x0,0,
959,68.527735,OUT,9,0x0,504,83 10 ef 7b 75 ad 75 ad 75 ad 75 ad 75 ad 75 ad 75 ad 75 ad 75 ad 75 ad 82 10 82 18 a3 10 75 ad
960,68.530510,OUT,9,0x0,0,
961,68.530571,OUT,9,0x0,6,43 81 f4 6c 30 c5
962,68.530791,OUT,9,0x0,0,
963,68.530827,OUT,9,0x0,504,82 18 82 18 ef 7b 75 ad 75 ad 75 ad 75 ad 75 ad 75 ad 75 ad 14 a5 08 42 82 18 82 18 82 18 d7 bd
964,68.533619,OUT,9,0x0,0,
965,68.533693,OUT,9,0x0,6,0f ca 31 30 b4 c5
966,68.533899,OUT,9,0x0,0,
967,68.533948,OUT,9,0x0,504,04 21 04 21 eb 5a 75 ad 75 ad 75 ad 75 ad 75 ad 75 ad 75 ad d3 9c 28 42 04 21 04 21 04 21 71 8c
968,68.536845,OUT,9,0x0,0,
969,68.537031,OUT,9,0x0,6,3d 44 64 c4 52 c5
970,68.537137,OUT,9,0x0,0,
971,68.537177,OUT,9,0x0,1586,05 21 05 21 05 21 05 21 05 21 05 21 05 21 05 21 05 21 05 21 05 21 05 21 05 21 05 21 05 21 05 21
972,68.546313,OUT,9,0x0,0,
973,68.546522,OUT,9,0x0,6,2f d1 b4 bd 27 c5
974,68.546570,OUT,9,0x0,0,
975,68.546597,OUT,9,0x0,2938,a5 20 84 20 84 18 a5 20 a5 18 a5 18 a4 18 a4 18 84 18 84 18 83 18 83 18 83 10 83 10 63 10 62 10
976,68.563611,OUT,9,0x0,0,
977,69.552455,OUT,9,0x0,6,40 0f 84 35 09 c5
978,69.552839,OUT,9,0x0,0,
979,69.552929,OUT,9,0x0,504,04 21 e4 20 eb 5a 75 ad 75 ad 75 ad 75 ad 75 ad 75 ad 75 ad b3 94 08 42 05 29 11 8c e4 20 51 8c
980,69.555847,OUT,9,0x0,0,
981,69.555946,OUT,9,0x0,6,43 8f 84 6d 09 c5
982,69.556128,OUT,9,0x0,0,
983,69.556211,OUT,9,0x0,504,14 ad c8 41 e4 18 d3 9c 75 ad 75 ad 75 ad 75 ad 75 ad 05 21 05 21 e4 20 e4 20 04 21 ec 62 05 21
984,69.559092,OUT,9,0x0,0,
985,69.559152,OUT,9,0x0,6,40 01 f4 34 30 c5
986,69.559402,OUT,9,0x0,0,
987,69.559430,OUT,9,0x0,504,83 10 a3 10 ef 7b 75 ad 75 ad 75 ad 75 ad 75 ad 75 ad 75 ad b2 94 82 10 82 10 82 18 a3 10 d7 bd
988,69.562343,OUT,9,0x0,0,
989,69.562510,OUT,9,0x0,6,43 81 f4 6c 30 c5
990,69.562656,OUT,9,0x0,0,
991,69.562687,OUT,9,0x0,504,82 18 82 18 82 18 b2 94 75 ad 75 ad 75 ad 75 ad 75 ad 82 18 82 18 82 18 82 18 82 18 82 18 82 18
992,69.565499,OUT,9,0x0,0,
993,69.565564,OUT,9,0x0,6,0f ca 31 30 b4 c5
994,69.565787,OUT,9,0x0,0,
995,69.565816,OUT,9,0x0,504,04 21 04 21 6e 73 75 ad 75 ad 75 ad 75 ad 75 ad 75 ad 75 ad d3 9c 04 21 04 21 04 21 04 21 d3 9c
996,69.568614,OUT,9,0x0,0,
997,69.568716,OUT,9,0x0,6,3e 04 64 c4 52 c5
998,69.568904,OUT,9,0x0,0,
999,69.568936,OUT,9,0x0,1508,05 21 05 21 05 21 05 21 05 21 05 21 05 21 05 21 05 21 05 21 05 21 05 21 05 21 05 21 05 21 05 21
1000,69.577604,OUT,9,0x0,0,
1001,69.577828,OUT,9,0x0,6,26 91 b3 1d 27 c5
1002,69.577901,OUT,9,0x0,0,
1003,69.577934,OUT,9,0x0,1196,58 9e 58 9e 58 9e 58 9e 58 9e 58 9e 58 9e 58 9e 58 9e 58 9e 58 9e 58 9e 58 9e 58 9e 58 9e 58 9e
1004,69.584789,OUT,9,0x0,0,
1005,70.571367,OUT,9,0x0,6,2b 8f 82 ed 09 c5
1006,70.571753,OUT,9,0x0,0,
1007,70.571887,OUT,9,0x0,504,c7 49 25 29 ef 7b 75 ad 75 ad 75 ad 75 ad 75 ad 76 b5 96 b5 75 ad ec 62 25 29 45 29 a6 49 b2 94
1008,70.574746,OUT,9,0x0,0,
1009,70.574826,OUT,9,0x0,6,2f 0f 83 25 09 c5
1010,70.575039,OUT,9,0x0,0,
1011,70.575097,OUT,9,0x0,504,25 29 c4 20 25 29 87 39 66 31 05 29 49 4a 75 ad 75 ad 75 ad 0c 63 25 29 05 21 04 21 45 29 04 21
1012,70.577937,OUT,9,0x0,0,
1013,70.578045,OUT,9,0x0,6,32 8f 83 5d 09 c5
1014,70.578228,OUT,9,0x0,0,
1015,70.578301,OUT,9,0x0,504,25 29 66 31 46 31 46 31 46 29 05 21 49 4a 75 ad 75 ad 75 ad ec 62 05 21 25 21 25 29 45 29 65 29
1016,70.581170,OUT,9,0x0,0,
1017,70.581265,OUT,9,0x0,6,40 0f 84 35 09 c5
1018,70.581485,OUT,9,0x0,0,
1019,70.581555,OUT,9,0x0,504,04 21 e4 20 6e 73 75 ad 75 ad 75 ad 75 ad 75 ad 75 ad 75 ad b3 94 c4 18 05 29 11 8c e4 20 b3 94
1020,70.584423,OUT,9,0x0,0,
1021,70.584507,OUT,9,0x0,6,43 8f 84 6d 09 c5
1022,70.584702,OUT,9,0x0,0,
1023,70.584761,OUT,9,0x0,504,14 ad c8 41 ef 7b 75 ad 75 ad 75 ad 75 ad 75 ad 75 ad 75 ad 14 a5 eb 5a e4 20 04 21 ec 62 d7 bd
1024,70.587600,OUT,9,0x0,0,
1025,70.587658,OUT,9,0x0,6,12 c3 d1 80 58 c5
1026,70.587901,OUT,9,0x0,0,
1027,70.587964,OUT,9,0x0,1232,ff ff ff ff d4 84 d4 84 d4 84 d4 84 d4 84 d4 84 d4 84 d4 84 d4 84 d4 84 d4 84 d4 84 d4 84 d4 84
1028,70.595472,OUT,9,0x0,0,
1029,70.595763,OUT,9,0x0,6,43 81 f4 6c 30 c5
1030,70.595815,OUT,9,0x0,0,
1031,70.595906,OUT,9,0x0,504,82 18 82 18 6d 6b 75 ad 75 ad 75 ad 75 ad 75 ad 75 ad 75 ad b2 94 82 18 82 18 82 18 82 18 b2 94
1032,70.598760,OUT,9,0x0,0,
1033,70.598821,OUT,9,0x0,6,0c 4a 30 f8 b4 c5
1034,70.599040,OUT,9,0x0,0,
1035,70.599069,OUT,9,0x0,504,04 21 75 ad 75 ad 75 ad 75 ad 75 ad 75 ad 75 ad 75 ad 75 ad 75 ad 75 ad ef 7b 04 21 04 21 ff ff
1036,70.601937,OUT,9,0x0,0,
1037,70.601980,OUT,9,0x0,6,0f ca 31 30 b4 c5
1038,70.602233,OUT,9,0x0,0,
1039,70.602309,OUT,9,0x0,504,04 21 ef 7b 75 ad 75 ad 75 ad 75 ad 75 ad 75 ad 75 ad 75 ad 75 ad 75 ad 04 21 04 21 04 21 75 ad
1040,70.605097,OUT,9,0x0,0,
1041,70.605206,OUT,9,0x0,6,3e 44 64 c4 52 c5
1042,70.605389,OUT,9,0x0,0,
1043,70.605422,OUT,9,0x0,1482,05 21 05 21 05 21 05 21 05 21 05 21 05 21 05 21 05 21 05 21 05 21 05 21 05 21 05 21 05 21 05 21
1044,70.614159,OUT,9,0x0,0,
1045,70.614362,OUT,9,0x0,6,2e 11 b4 bd 27 c5
1046,70.614415,OUT,9,0x0,0,
1047,70.614443,OUT,9,0x0,3120,a4 20 a4 20 a5 28 a5 28 a5 20 a5 20 c5 20 a5 20 84 20 84 18 a5 20 a5 18 a5 18 a4 18 a4 18 84 18
1048,70.632473,OUT,9,0x0,0,
1049,71.534195,OUT,9,0x0,6,2f 0f 83 25 09 c5
1050,71.534583,OUT,9,0x0,0,
1051,71.534632,OUT,9,0x0,504,25 29 c4 20 ec 62 96 b5 76 b5 75 ad 76 b5 75 ad 75 ad 75 ad d3 9c 29 4a 05 21 04 21 45 29 71 8c
1052,71.537428,OUT,9,0x0,0,
1053,71.537484,OUT,9,0x0,6,32 8f 83 5d 09 c5
1054,71.537740,OUT,9,0x0,0,
1055,71.537771,OUT,9,0x0,504,25 29 66 31 10 84 76 b5 76 ad 75 ad 75 ad 75 ad 75 ad 75 ad 34 a5 29 42 25 21 25 29 45 29 d7 bd
1056,71.540597,OUT,9,0x0,0,
1057,71.540670,OUT,9,0x0,6,43 8f 84 6d 09 c5
1058,71.540901,OUT,9,0x0,0,
1059,71.540938,OUT,9,0x0,504,14 ad 96 b5 75 ad 75 ad 75 ad 75 ad 75 ad 75 ad 75 ad 75 ad 75 ad 75 ad ef 7b 04 21 ec 62 ff ff
1060,71.543843,OUT,9,0x0,0,
1061,71.544003,OUT,9,0x0,6,12 c3 d1 80 58 c5
1062,71.544142,OUT,9,0x0,0,
1063,71.544178,OUT,9,0x0,1232,ff ff ff ff ff ff ff ff ff ff ff ff ff ff ff ff ff ff ff ff fb d6 d4 84 d4 84 d4 84 d4 84 d4 84
1064,71.551575,OUT,9,0x0,0,
1065,71.551767,OUT,9,0x0,6,43 81 f4 6c 30 c5
1066,71.551814,OUT,9,0x0,0,
1067,71.551845,OUT,9,0x0,504,82 18 82 18 ef 7b 75 ad 75 ad 75 ad 75 ad 75 ad 75 ad 75 ad 14 a5 cb 5a 82 18 82 18 82 18 d7 bd
1068,71.554771,OUT,9,0x0,0,
1069,71.554833,OUT,9,0x0,6,0f ca 31 30 b4 c5
1070,71.555086,OUT,9,0x0,0,
1071,71.555128,OUT,9,0x0,504,04 21 75 ad 75 ad 75 ad 75 ad 75 ad 75 ad 75 ad 75 ad 75 ad 75 ad 75 ad ef 7b 04 21 04 21 ff ff
1072,71.558015,OUT,9,0x0,0,
1073,71.558102,OUT,9,0x0,6,3d 84 64 c4 52 c5
1074,71.558316,OUT,9,0x0,0,
1075,71.558350,OUT,9,0x0,1560,05 21 05 21 05 21 05 21 05 21 05 21 05 21 05 21 05 21 05 21 05 21 05 21 05 21 05 21 05 21 05 21
1076,71.567731,OUT,9,0x0,0,
1077,71.567948,OUT,9,0x0,6,30 91 b4 bd 27 c5
1078,71.567981,OUT,9,0x0,0,
1079,71.568035,OUT,9,0x0,2860,a5 20 a5 18 a5 18 a4 18 a4 18 84 18 84 18 83 18 83 18 83 10 83 10 63 10 62 10 62 10 62 10 62 08
1080,71.585016,OUT,9,0x0,0,
1081,72.455691,OUT,9,0x0,6,32 8f 83 5d 09 c5
1082,72.456079,OUT,9,0x0,0,
1083,72.456218,OUT,9,0x0,504,25 29 66 31 10 84 76 b5 76 ad 75 ad 75 ad 75 ad 75 ad 75 ad 75 ad ec 5a 25 21 25 29 45 29 d3 9c
1084,72.459182,OUT,9,0x0,0,
1085,72.459252,OUT,9,0x0,6,43 8f 84 6d 09 c5
1086,72.459475,OUT,9,0x0,0,
1087,72.459541,OUT,9,0x0,504,14 ad c8 41 eb 5a 75 ad 75 ad 75 ad 75 ad 75 ad 75 ad 75 ad d3 9c 28 42 e4 20 04 21 ec 62 71 8c
1088,72.462346,OUT,9,0x0,0,
1089,72.462400,OUT,9,0x0,6,40 01 f4 34 30 c5
1090,72.462656,OUT,9,0x0,0,
1091,72.462718,OUT,9,0x0,504,83 10 ef 7b 75 ad 75 ad 75 ad 75 ad 75 ad 75 ad 75 ad 75 ad 75 ad 75 ad 82 10 82 18 a3 10 75 ad
1092,72.465604,OUT,9,0x0,0,
1093,72.465679,OUT,9,0x0,6,43 81 f4 6c 30 c5
1094,72.465903,OUT,9,0x0,0,
1095,72.465936,OUT,9,0x0,504,82 18 82 18 ef 7b 75 ad 75 ad 75 ad 75 ad 75 ad 75 ad 75 ad 75 ad cb 5a 82 18 82 18 82 18 b2 94
1096,72.468749,OUT,9,0x0,0,
1097,72.468804,OUT,9,0x0,6,0c 4a 30 f8 b4 c5
1098,72.469047,OUT,9,0x0,0,
1099,72.469074,OUT,9,0x0,504,04 21 04 21 ef 7b 75 ad 75 ad 75 ad 75 ad 75 ad 75 ad 75 ad d3 9c 04 21 04 21 04 21 04 21 d7 bd
1100,72.471941,OUT,9,0x0,0,
1101,72.472046,OUT,9,0x0,6,3c c4 64 c4 52 c5
1102,72.472232,OUT,9,0x0,0,
1103,72.472267,OUT,9,0x0,1638,05 21 05 21 05 21 05 21 05 21 05 21 05 21 05 21 05 21 05 21 05 21 05 21 05 21 05 21 05 21 05 21
1104,72.481935,OUT,9,0x0,0,
1105,72.482149,OUT,9,0x0,6,2f 11 b4 bd 27 c5
1106,72.482196,OUT,9,0x0,0,
1107,72.482227,OUT,9,0x0,3016,a5 20 a5 20 c5 20 a5 20 84 20 84 18 a5 20 a5 18 a5 18 a4 18 a4 18 84 18 84 18 83 18 83 18 83 10
1108,72.500371,OUT,9,0x0,0,
1109,73.460367,OUT,9,0x0,6,32 8f 83 5d 09 c5
1110,73.460748,OUT,9,0x0,0,
1111,73.460817,OUT,9,0x0,504,25 29 66 31 10 84 76 b5 76 ad 75 ad 75 ad 75 ad 75 ad 75 ad 34 a5 ec 5a 25 21 25 29 45 29 d7 bd
1112,73.463637,OUT,9,0x0,0,
1113,73.463704,OUT,9,0x0,6,40 0f 84 35 09 c5
1114,73.463946,OUT,9,0x0,0,
1115,73.463975,OUT,9,0x0,504,04 21 e4 20 e4 20 b3 9c 75 ad 75 ad 75 ad 75 ad 75 ad 04 19 e4 18 c4 18 05 29 11 8c e4 20 e4 18
1116,73.466761,OUT,9,0x0,0,
1117,73.466840,OUT,9,0x0,6,43 8f 84 6d 09 c5
1118,73.467043,OUT,9,0x0,0,
1119,73.467071,OUT,9,0x0,504,14 ad 30 84 75 ad 75 ad 75 ad 75 ad 75 ad 75 ad 75 ad 75 ad 75 ad 75 ad e4 20 04 21 ec 62 75 ad
1120,73.469942,OUT,9,0x0,0,
1121,73.471738,OUT,9,0x0,6,12 c3 d1 80 58 c5
1122,73.471784,OUT,9,0x0,0,
1123,73.471830,OUT,9,0x0,1232,ff ff ff ff ff ff fb d6 76 9d d4 84 d4 84 d4 84 d4 84 d4 84 d4 84 d4 84 d4 84 d4 84 d4 84 d4 84
1124,73.479457,OUT,9,0x0,0,
1125,73.479711,OUT,9,0x0,6,0c 4a 30 f8 b4 c5
1126,73.479754,OUT,9,0x0,0,
1127,73.479785,OUT,9,0x0,504,04 21 ef 7b 75 ad 75 ad 75 ad 75 ad 75 ad 75 ad 75 ad 75 ad 75 ad 75 ad 04 21 04 21 04 21 75 ad
1128,73.482601,OUT,9,0x0,0,
1129,73.482663,OUT,9,0x0,6,0f ca 31 30 b4 c5
1130,73.482904,OUT,9,0x0,0,
1131,73.482931,OUT,9,0x0,504,04 21 04 21 ef 7b 75 ad 75 ad 75 ad 75 ad 75 ad 75 ad 75 ad 75 ad eb 5a 04 21 04 21 04 21 d3 9c
1132,73.485750,OUT,9,0x0,0,
1133,73.485849,OUT,9,0x0,6,3c c4 64 c4 52 c5
1134,73.486048,OUT,9,0x0,0,
1135,73.486084,OUT,9,0x0,1638,05 21 05 21 05 21 05 21 05 21 05 21 05 21 05 21 05 21 05 21 05 21 05 21 05 21 05 21 05 21 05 21
1136,73.495837,OUT,9,0x0,0,
1137,73.496048,OUT,9,0x0,6,2c 11 b4 bd 27 c5
1138,73.496093,OUT,9,0x0,0,
1139,73.496126,OUT,9,0x0,3328,82 10 42 08 21 08 42 10 63 18 83 18 63 18 84 18 a4 20 a4 20 a5 28 a5 28 a5 20 a5 20 c5 20 a5 20
1140,73.515865,OUT,9,0x0,0,
1141,74.489053,OUT,9,0x0,6,32 8f 83 5d 09 c5
1142,74.489435,OUT,9,0x0,0,
1143,74.489488,OUT,9,0x0,504,25 29 66 31 0c 63 76 b5 76 ad 75 ad 75 ad 75 ad 75 ad 75 ad d3 9c 29 42 25 21 25 29 45 29 71 8c
1144,74.492349,OUT,9,0x0,0,
1145,74.492417,OUT,9,0x0,6,40 0f 84 35 09 c5
1146,74.492641,OUT,9,0x0,0,
1147,74.492687,OUT,9,0x0,504,04 21 e4 20 6e 73 75 ad 75 ad 75 ad 75 ad 75 ad 75 ad 75 ad b3 94 c4 18 05 29 11 8c e4 20 b3 94
1148,74.495514,OUT,9,0x0,0,
1149,74.495562,OUT,9,0x0,6,43 8f 84 6d 09 c5
1150,74.495819,OUT,9,0x0,0,
1151,74.495848,OUT,9,0x0,504,14 ad c8 41 e4 18 25 21 05 21 25 21 28 42 75 ad 75 ad 75 ad ec 5a e4 20 e4 20 04 21 ec 62 05 21
1152,74.498733,OUT,9,0x0,0,
1153,74.498824,OUT,9,0x0,6,12 c3 d1 80 58 c5
1154,74.499046,OUT,9,0x0,0,
1155,74.499090,OUT,9,0x0,1232,ff ff ff ff ff ff ff ff ff ff ff ff ff ff ff ff ff ff ff ff fb d6 d4 84 d4 84 d4 84 d4 84 d4 84
1156,74.506574,OUT,9,0x0,0,
1157,74.506809,OUT,9,0x0,6,43 81 f4 6c 30 c5
1158,74.506905,OUT,9,0x0,0,
1159,74.506940,OUT,9,0x0,504,82 18 75 ad 75 ad 75 ad 75 ad 75 ad 75 ad 75 ad 75 ad 75 ad 75 ad 75 ad ef 7b 82 18 82 18 ff ff
1160,74.509847,OUT,9,0x0,0,
1161,74.509916,OUT,9,0x0,6,0c 4a 30 f8 b4 c5
1162,74.510135,OUT,9,0x0,0,
1163,74.510163,OUT,9,0x0,504,04 21 04 21 ef 7b 75 ad 75 ad 75 ad 75 ad 75 ad 75 ad 75 ad d3 9c 04 21 04 21 04 21 04 21 d7 bd
1164,74.513030,OUT,9,0x0,0,
1165,74.513117,OUT,9,0x0,6,0f ca 31 30 b4 c5
1166,74.513341,OUT,9,0x0,0,
1167,74.513375,OUT,9,0x0,504,04 21 04 21 ef 7b 75 ad 75 ad 75 ad 75 ad 75 ad 75 ad 75 ad d3 9c 04 21 04 21 04 21 04 21 d7 bd
1168,74.516286,OUT,9,0x0,0,
1169,74.516465,OUT,9,0x0,6,3c 84 64 c4 52 c5
1170,74.516569,OUT,9,0x0,0,
1171,74.516622,OUT,9,0x0,1664,05 21 05 21 05 21 05 21 05 21 05 21 05 21 05 21 05 21 05 21 05 21 05 21 05 21 05 21 05 21 05 21
1172,74.526366,OUT,9,0x0,0,
1173,74.526572,OUT,9,0x0,6,2f 91 b4 bd 27 c5
1174,74.526681,OUT,9,0x0,0,
1175,74.526715,OUT,9,0x0,2964,c5 20 a5 20 84 20 84 18 a5 20 a5 18 a5 18 a4 18 a4 18 84 18 84 18 83 18 83 18 83 10 83 10 63 10
1176,74.544384,OUT,9,0x0,0,
1177,75.485869,OUT,9,0x0,6,2f 0f 83 25 09 c5
1178,75.486261,OUT,9,0x0,0,
1179,75.486336,OUT,9,0x0,504,25 29 c4 20 10 84 96 b5 76 b5 75 ad 76 b5 75 ad 75 ad 75 ad 34 a5 ec 62 05 21 04 21 45 29 d7 bd
1180,75.489193,OUT,9,0x0,0,
1181,75.489294,OUT,9,0x0,6,43 8f 84 6d 09 c5
1182,75.489473,OUT,9,0x0,0,
1183,75.489539,OUT,9,0x0,504,14 ad c8 41 ef 7b 75 ad 75 ad 75 ad 75 ad 75 ad 75 ad 75 ad 14 a5 eb 5a e4 20 04 21 ec 62 d7 bd
1184,75.492442,OUT,9,0x0,0,
1185,75.492562,OUT,9,0x0,6,12 c3 d1 80 58 c5
1186,75.492748,OUT,9,0x0,0,
1187,75.492818,OUT,9,0x0,1232,ff ff ff ff ff ff fb d6 76 9d d4 84 d4 84 d4 84 d4 84 d4 84 d4 84 d4 84 d4 84 d4 84 d4 84 d4 84
1188,75.500462,OUT,9,0x0,0,
1189,75.500687,OUT,9,0x0,6,0f ca 31 30 b4 c5
1190,75.500737,OUT,9,0x0,0,
1191,75.500816,OUT,9,0x0,504,04 21 04 21 04 21 04 21 04 21 04 21 28 42 75 ad 75 ad 75 ad eb 5a 04 21 04 21 04 21 04 21 04 21
1192,75.503757,OUT,9,0x0,0,
1193,75.503875,OUT,9,0x0,6,3c 44 64 c4 52 c5
1194,75.504052,OUT,9,0x0,0,
1195,75.504114,OUT,9,0x0,1690,05 21 05 21 05 21 05 21 05 21 05 21 05 21 05 21 05 21 05 21 05 21 05 21 05 21 05 21 05 21 05 21
1196,75.514159,OUT,9,0x0,0,
1197,75.514408,OUT,9,0x0,6,2e 11 b4 bd 27 c5
1198,75.514458,OUT,9,0x0,0,
1199,75.514525,OUT,9,0x0,3120,a4 20 a4 20 a5 28 a5 28 a5 20 a5 20 c5 20 a5 20 84 20 84 18 a5 20 a5 18 a5 18 a4 18 a4 18 84 18
1200,75.533163,OUT,9,0x0,0,
1201,76.556705,OUT,9,0x0,6,32 8f 83 5d 09 c5
1202,76.556913,OUT,9,0x0,0,
1203,76.556972,OUT,9,0x0,504,25 29 66 31 46 31 46 31 46 29 05 21 49 4a 75 ad 75 ad 75 ad ec 62 05 21 25 21 25 29 45 29 65 29
1204,76.559849,OUT,9,0x0,0,
1205,76.559924,OUT,9,0x0,6,43 8f 84 6d 09 c5
1206,76.560143,OUT,9,0x0,0,
1207,76.560181,OUT,9,0x0,504,14 ad c8 41 eb 5a 75 ad 75 ad 75 ad 75 ad 75 ad 75 ad 75 ad d3 9c 28 42 e4 20 04 21 ec 62 71 8c
1208,76.563028,OUT,9,0x0,0,
1209,76.563103,OUT,9,0x0,6,40 01 f4 34 30 c5
1210,76.563318,OUT,9,0x0,0,
1211,76.563362,OUT,9,0x0,504,83 10 a3 10 ef 7b 75 ad 75 ad 75 ad 75 ad 75 ad 75 ad 75 ad b2 94 82 10 82 10 82 18 a3 10 d7 bd
1212,76.566212,OUT,9,0x0,0,
1213,76.566408,OUT,9,0x0,6,43 81 f4 6c 30 c5
1214,76.566515,OUT,9,0x0,0,
1215,76.566560,OUT,9,0x0,504,82 18 82 18 82 18 b2 94 75 ad 75 ad 75 ad 75 ad 75 ad 82 18 82 18 82 18 82 18 82 18 82 18 82 18
1216,76.569432,OUT,9,0x0,0,
1217,76.569540,OUT,9,0x0,6,08 ca 30 c0 b4 c5
1218,76.569733,OUT,9,0x0,0,
1219,76.569775,OUT,9,0x0,504,a6 61 a6 59 0c 73 75 b5 75 b5 75 b5 75 ad 75 ad 75 ad 75 ad b3 9c 28 42 04 21 04 21 07 62 91 9c
1220,76.572617,OUT,9,0x0,0,
1221,76.573975,OUT,9,0x0,6,0c 4a 30 f8 b4 c5
1222,76.574028,OUT,9,0x0,0,
1223,76.574074,OUT,9,0x0,504,04 21 04 21 eb 5a 75 ad 75 ad 75 ad 75 ad 75 ad 75 ad 75 ad d3 9c 28 42 04 21 04 21 04 21 71 8c
1224,76.576956,OUT,9,0x0,0,
1225,76.577044,OUT,9,0x0,6,0f ca 31 30 b4 c5
1226,76.577231,OUT,9,0x0,0,
1227,76.577283,OUT,9,0x0,504,04 21 ef 7b 75 ad 75 ad 75 ad 75 ad 75 ad 75 ad 75 ad 75 ad 75 ad 75 ad 04 21 04 21 04 21 75 ad
1228,76.580105,OUT,9,0x0,0,
1229,76.580293,OUT,9,0x0,6,1f 0a 32 24 b4 c5
1230,76.580404,OUT,9,0x0,0,
1231,76.580433,OUT,9,0x0,504,04 21 e4 20 04 21 e4 20 e4 18 e4 20 28 42 75 ad 75 ad 75 ad cb 5a c4 18 c4 18 c4 18 04 21 04 21
1232,76.583341,OUT,9,0x0,0,
1233,76.583450,OUT,9,0x0,6,3d c4 64 c4 52 c5
1234,76.583636,OUT,9,0x0,0,
1235,76.583680,OUT,9,0x0,1534,05 21 05 21 05 21 05 21 05 21 05 21 05 21 05 21 05 21 05 21 05 21 05 21 05 21 05 21 05 21 05 21
1236,76.592446,OUT,9,0x0,0,
1237,76.592651,OUT,9,0x0,6,03 0c 31 20 cf c5
1238,76.592762,OUT,9,0x0,0,
1239,76.592814,OUT,9,0x0,1586,58 9e 58 9e 58 9e 58 9e 58 9e 58 9e 58 9e 58 9e 58 9e 58 9e 58 9e 58 9e 58 9e 58 9e 58 9e 58 9e
1240,76.602022,OUT,9,0x0,0,
1241,76.602222,OUT,9,0x0,6,2f 11 b4 bd 27 c5
1242,76.602271,OUT,9,0x0,0,
1243,76.602301,OUT,9,0x0,3016,a5 20 a5 20 c5 20 a5 20 84 20 84 18 a5 20 a5 18 a5 18 a4 18 a4 18 84 18 84 18 83 18 83 18 83 10
1244,76.620003,OUT,9,0x0,0,
1245,77.594171,OUT,9,0x0,6,32 8f 83 5d 09 c5
1246,77.594559,OUT,9,0x0,0,
1247,77.594636,OUT,9,0x0,504,25 29 66 31 10 84 76 b5 76 ad 75 ad 75 ad 75 ad 75 ad 75 ad d3 9c 05 21 25 21 25 29 45 29 d7 bd
1248,77.597433,OUT,9,0x0,0,
1249,77.597496,OUT,9,0x0,6,43 8f 84 6d 09 c5
1250,77.597713,OUT,9,0x0,0,
1251,77.597791,OUT,9,0x0,504,14 ad 30 84 75 ad 75 ad 75 ad 75 ad 75 ad 75 ad 75 ad 75 ad 75 ad 75 ad e4 20 04 21 ec 62 75 ad
1252,77.600773,OUT,9,0x0,0,
1253,77.600854,OUT,9,0x0,6,12 c3 d1 80 58 c5
1254,77.601051,OUT,9,0x0,0,
1255,77.601125,OUT,9,0x0,1232,ff ff ff ff ff ff ff ff ff ff ff ff ff ff ff ff ff ff ff ff fb d6 d4 84 d4 84 d4 84 d4 84 d4 84
1256,77.608601,OUT,9,0x0,0,
1257,77.608821,OUT,9,0x0,6,43 81 f4 6c 30 c5
1258,77.608908,OUT,9,0x0,0,
1259,77.608938,OUT,9,0x0,504,82 18 82 18 ef 7b 75 ad 75 ad 75 ad 75 ad 75 ad 75 ad 75 ad b2 94 82 18 82 18 82 18 82 18 d7 bd
1260,77.611747,OUT,9,0x0,0,
1261,77.611842,OUT,9,0x0,6,08 ca 30 c0 b4 c5
1262,77.612046,OUT,9,0x0,0,
1263,77.612110,OUT,9,0x0,504,a6 61 a6 59 8e 83 75 b5 75 b5 75 b5 75 ad 75 ad 75 ad 75 ad b3 9c e4 20 04 21 04 21 07 62 f3 ac
1264,77.614945,OUT,9,0x0,0,
1265,77.615017,OUT,9,0x0,6,0c 4a 30 f8 b4 c5
1266,77.615232,OUT,9,0x0,0,
1267,77.615291,OUT,9,0x0,504,04 21 04 21 ef 7b 75 ad 75 ad 75 ad 75 ad 75 ad 75 ad 75 ad 75 ad eb 5a 04 21 04 21 04 21 d3 9c
1268,77.618184,OUT,9,0x0,0,
1269,77.618346,OUT,9,0x0,6,0f ca 31 30 b4 c5
1270,77.618496,OUT,9,0x0,0,
1271,77.618543,OUT,9,0x0,504,04 21 04 21 04 21 d3 9c 75 ad 75 ad 75 ad 75 ad 75 ad 04 21 04 21 04 21 04 21 04 21 04 21 04 21
1272,77.621425,OUT,9,0x0,0,
1273,77.621472,OUT,9,0x0,6,1f 0a 32 24 b4 c5
1274,77.621725,OUT,9,0x0,0,
1275,77.621750,OUT,9,0x0,504,04 21 e4 20 eb 5a 75 ad 75 ad 75 ad 75 ad 75 ad 75 ad 75 ad b3 94 08 42 c4 18 c4 18 04 21 71 8c
1276,77.624516,OUT,9,0x0,0,
1277,77.624676,OUT,9,0x0,6,12 0c 32 5c cf c5
1278,77.624823,OUT,9,0x0,0,
1279,77.624856,OUT,9,0x0,2080,66 29 66 29 66 29 66 29 66 31 66 31 66 29 66 31 66 29 66 29 66 29 66 31 66 31 66 31 66 31 66 31
1280,77.637060,OUT,9,0x0,0,
1281,77.637273,OUT,9,0x0,6,2f d1 b4 bd 27 c5
1282,77.637323,OUT,9,0x0,0,
1283,77.637412,OUT,9,0x0,2938,a5 20 84 20 84 18 a5 20 a5 18 a5 18 a4 18 a4 18 84 18 84 18 83 18 83 18 83 10 83 10 63 10 62 10
1284,77.654428,OUT,9,0x0,0,
1285,78.542114,OUT,9,0x0,6,40 0f 84 35 09 c5
1286,78.542503,OUT,9,0x0,0,
1287,78.542590,OUT,9,0x0,504,04 21 e4 20 eb 5a 75 ad 75 ad 75 ad 75 ad 75 ad 75 ad 75 ad b3 94 08 42 05 29 11 8c e4 20 51 8c
1288,78.545353,OUT,9,0x0,0,
1289,78.545443,OUT,9,0x0,6,43 8f 84 6d 09 c5
1290,78.545661,OUT,9,0x0,0,
1291,78.545727,OUT,9,0x0,504,14 ad c8 41 ef 7b 75 ad 75 ad 75 ad 75 ad 75 ad 75 ad 75 ad 14 a5 eb 5a e4 20 04 21 ec 62 d7 bd
1292,78.548524,OUT,9,0x0,0,
1293,78.548631,OUT,9,0x0,6,40 01 f4 34 30 c5
1294,78.548818,OUT,9,0x0,0,
1295,78.548879,OUT,9,0x0,504,83 10 ef 7b 75 ad 75 ad 75 ad 75 ad 75 ad 75 ad 75 ad 75 ad 75 ad 75 ad 82 10 82 18 a3 10 75 ad
1296,78.551776,OUT,9,0x0,0,
1297,78.551869,OUT,9,0x0,6,0c 4a 30 f8 b4 c5
1298,78.552086,OUT,9,0x0,0,
1299,78.552122,OUT,9,0x0,504,04 21 75 ad 75 ad 75 ad 75 ad 75 ad 75 ad 75 ad 75 ad 75 ad 75 ad 75 ad ef 7b 04 21 04 21 ff ff
1300,78.555022,OUT,9,0x0,0,
1301,78.555187,OUT,9,0x0,6,0f ca 31 30 b4 c5
1302,78.555332,OUT,9,0x0,0,
1303,78.555364,OUT,9,0x0,504,04 21 75 ad 75 ad 75 ad 75 ad 75 ad 75 ad 75 ad 75 ad 75 ad 75 ad 75 ad ef 7b 04 21 04 21 ff ff
1304,78.558203,OUT,9,0x0,0,
1305,78.558283,OUT,9,0x0,6,3c 44 64 c4 52 c5
1306,78.558497,OUT,9,0x0,0,
1307,78.558525,OUT,9,0x0,1690,05 21 05 21 05 21 05 21 05 21 05 21 05 21 05 21 05 21 05 21 05 21 05 21 05 21 05 21 05 21 05 21
1308,78.568381,OUT,9,0x0,0,
1309,78.568593,OUT,9,0x0,6,26 91 b3 19 27 c5
1310,78.568647,OUT,9,0x0,0,
1311,78.568683,OUT,9,0x0,1170,58 9e 58 9e 58 9e 58 9e 58 9e 58 9e 58 9e 58 9e 58 9e 58 9e 58 9e 58 9e 58 9e 58 9e 58 9e 58 9e
1312,78.575566,OUT,9,0x0,0,
1313,79.570236,OUT,9,0x0,6,32 8f 83 5d 09 c5
1314,79.570618,OUT,9,0x0,0,
1315,79.570714,OUT,9,0x0,504,25 29 66 31 0c 63 76 b5 76 ad 75 ad 75 ad 75 ad 75 ad 75 ad d3 9c 29 42 25 21 25 29 45 29 71 8c
1316,79.573517,OUT,9,0x0,0,
1317,79.573631,OUT,9,0x0,6,40 0f 84 35 09 c5
1318,79.573803,OUT,9,0x0,0,
1319,79.573873,OUT,9,0x0,504,04 21 e4 20 6e 73 75 ad 75 ad 75 ad 75 ad 75 ad 75 ad 75 ad b3 94 c4 18 05 29 11 8c e4 20 b3 94
1320,79.576769,OUT,9,0x0,0,
1321,79.576899,OUT,9,0x0,6,43 8f 84 6d 09 c5
1322,79.577077,OUT,9,0x0,0,
1323,79.577139,OUT,9,0x0,504,14 ad c8 41 e4 18 25 21 05 21 25 21 28 42 75 ad 75 ad 75 ad ec 5a e4 20 e4 20 04 21 ec 62 05 21
1324,79.580023,OUT,9,0x0,0,
1325,79.580167,OUT,9,0x0,6,12 c3 d1 80 58 c5
1326,79.580311,OUT,9,0x0,0,
1327,79.580407,OUT,9,0x0,1232,ff ff ff ff ff ff fb d6 76 9d d4 84 d4 84 d4 84 d4 84 d4 84 d4 84 d4 84 d4 84 d4 84 d4 84 d4 84
1328,79.588080,OUT,9,0x0,0,
1329,79.588365,OUT,9,0x0,6,0f ca 31 30 b4 c5
1330,79.588414,OUT,9,0x0,0,
1331,79.588509,OUT,9,0x0,504,04 21 04 21 ef 7b 75 ad 75 ad 75 ad 75 ad 75 ad 75 ad 75 ad d3 9c 04 21 04 21 04 21 04 21 d7 bd
1332,79.591354,OUT,9,0x0,0,
1333,79.591519,OUT,9,0x0,6,3c 04 64 c4 52 c5
1334,79.591661,OUT,9,0x0,0,
1335,79.591695,OUT,9,0x0,1716,05 21 05 21 05 21 05 21 05 21 05 21 05 21 05 21 05 21 05 21 05 21 05 21 05 21 05 21 05 21 05 21
1336,79.601578,OUT,9,0x0,0,
1337,79.601875,OUT,9,0x0,6,2f 91 b4 bd 27 c5
1338,79.601924,OUT,9,0x0,0,
1339,79.602048,OUT,9,0x0,2964,c5 20 a5 20 84 20 84 18 a5 20 a5 18 a5 18 a4 18 a4 18 84 18 84 18 83 18 83 18 83 10 83 10 63 10
1340,79.619410,OUT,9,0x0,0,
1341,80.631948,OUT,9,0x0,6,2b 8f 82 ed 09 c5
1342,80.632337,OUT,9,0x0,0,
1343,80.632446,OUT,9,0x0,504,c7 49 75 ad 75 ad 75 ad 75 ad 75 ad 75 ad 75 ad 76 b5 96 b5 75 ad 75 ad 10 84 45 29 a6 49 ff ff
1344,80.635344,OUT,9,0x0,0,
1345,80.637018,OUT,9,0x0,6,2f 0f 83 25 09 c5
1346,80.637063,OUT,9,0x0,0,
1347,80.637144,OUT,9,0x0,504,25 29 75 ad 75 ad 96 b5 76 b5 75 ad 76 b5 75 ad 75 ad 75 ad 76 ad 75 ad f0 7b 04 21 45 29 ff ff
1348,80.640026,OUT,9,0x0,0,
1349,80.640243,OUT,9,0x0,6,32 8f 83 5d 09 c5
1350,80.640349,OUT,9,0x0,0,
1351,80.640425,OUT,9,0x0,504,25 29 66 31 46 31 46 31 46 29 05 21 49 4a 75 ad 75 ad 75 ad ec 62 05 21 25 21 25 29 45 29 65 29
1352,80.643340,OUT,9,0x0,0,
1353,80.643425,OUT,9,0x0,6,40 0f 84 35 09 c5
1354,80.643640,OUT,9,0x0,0,
1355,80.643700,OUT,9,0x0,504,04 21 e4 20 e4 20 b3 9c 75 ad 75 ad 75 ad 75 ad 75 ad 04 19 e4 18 c4 18 05 29 11 8c e4 20 e4 18
1356,80.646510,OUT,9,0x0,0,
1357,80.646588,OUT,9,0x0,6,43 8f 84 6d 09 c5
1358,80.646803,OUT,9,0x0,0,
1359,80.646883,OUT,9,0x0,504,14 ad c8 41 ef 7b 75 ad 75 ad 75 ad 75 ad 75 ad 75 ad 75 ad d3 9c e4 20 e4 20 04 21 ec 62 d7 bd
1360,80.649630,OUT,9,0x0,0,
1361,80.649796,OUT,9,0x0,6,0f ca 31 30 b4 c5
1362,80.649911,OUT,9,0x0,0,
1363,80.649962,OUT,9,0x0,504,04 21 ef 7b 75 ad 75 ad 75 ad 75 ad 75 ad 75 ad 75 ad 75 ad 75 ad 75 ad 04 21 04 21 04 21 75 ad
1364,80.652776,OUT,9,0x0,0,
1365,80.652886,OUT,9,0x0,6,3c 04 64 c4 52 c5
1366,80.653070,OUT,9,0x0,0,
1367,80.653098,OUT,9,0x0,1716,05 21 05 21 05 21 05 21 05 21 05 21 05 21 05 21 05 21 05 21 05 21 05 21 05 21 05 21 05 21 05 21
1368,80.662951,OUT,9,0x0,0,
1369,80.663190,OUT,9,0x0,6,2c 91 b4 bd 27 c5
1370,80.663239,OUT,9,0x0,0,
1371,80.663298,OUT,9,0x0,3276,21 08 42 10 63 18 83 18 63 18 84 18 a4 20 a4 20 a5 28 a5 28 a5 20 a5 20 c5 20 a5 20 84 20 84 18
1372,80.682550,OUT,9,0x0,0,
1373,81.615456,OUT,9,0x0,6,2f 0f 83 25 09 c5
1374,81.615828,OUT,9,0x0,0,
1375,81.615948,OUT,9,0x0,504,25 29 c4 20 10 84 96 b5 76 b5 75 ad 76 b5 75 ad 75 ad 75 ad 34 a5 ec 62 05 21 04 21 45 29 d7 bd
1376,81.618758,OUT,9,0x0,0,
1377,81.618831,OUT,9,0x0,6,32 8f 83 5d 09 c5
1378,81.619050,OUT,9,0x0,0,
1379,81.619096,OUT,9,0x0,504,25 29 10 84 76 b5 76 b5 76 ad 75 ad 75 ad 75 ad 75 ad 75 ad 75 ad 75 ad 25 21 25 29 45 29 75 ad
1380,81.621951,OUT,9,0x0,0,
1381,81.621993,OUT,9,0x0,6,40 0f 84 35 09 c5
1382,81.622249,OUT,9,0x0,0,
1383,81.622274,OUT,9,0x0,504,04 21 e4 20 6e 73 75 ad 75 ad 75 ad 75 ad 75 ad 75 ad 75 ad b3 94 c4 18 05 29 11 8c e4 20 b3 94
1384,81.625108,OUT,9,0x0,0,
1385,81.625181,OUT,9,0x0,6,43 8f 84 6d 09 c5
1386,81.625400,OUT,9,0x0,0,
1387,81.625427,OUT,9,0x0,504,14 ad c8 41 e4 18 25 21 05 21 25 21 28 42 75 ad 75 ad 75 ad ec 5a e4 20 e4 20 04 21 ec 62 05 21
1388,81.628339,OUT,9,0x0,0,
1389,81.628407,OUT,9,0x0,6,12 c3 d1 80 58 c5
1390,81.628629,OUT,9,0x0,0,
1391,81.628656,OUT,9,0x0,1232,ff ff ff ff ff ff ff ff ff ff ff ff ff ff ff ff ff ff ff ff fb d6 d4 84 d4 84 d4 84 d4 84 d4 84
1392,81.636207,OUT,9,0x0,0,
1393,81.636418,OUT,9,0x0,6,0f ca 31 30 b4 c5
1394,81.636465,OUT,9,0x0,0,
1395,81.636491,OUT,9,0x0,504,04 21 04 21 04 21 d3 9c 75 ad 75 ad 75 ad 75 ad 75 ad 04 21 04 21 04 21 04 21 04 21 04 21 04 21
1396,81.639344,OUT,9,0x0,0,
1397,81.639465,OUT,9,0x0,6,3c 44 64 c4 52 c5
1398,81.639645,OUT,9,0x0,0,
1399,81.639688,OUT,9,0x0,1690,05 21 05 21 05 21 05 21 05 21 05 21 05 21 05 21 05 21 05 21 05 21 05 21 05 21 05 21 05 21 05 21
1400,81.649468,OUT,9,0x0,0,
1401,81.649713,OUT,9,0x0,6,2f 91 b4 bd 27 c5
1402,81.649763,OUT,9,0x0,0,
1403,81.649795,OUT,9,0x0,2964,c5 20 a5 20 84 20 84 18 a5 20 a5 18 a5 18 a4 18 a4 18 84 18 84 18 83 18 83 18 83 10 83 10 63 10
1404,81.667334,OUT,9,0x0,0,
1405,82.607025,OUT,9,0x0,6,2b 8f 82 ed 09 c5
1406,82.607417,OUT,9,0x0,0,
1407,82.607499,OUT,9,0x0,504,c7 49 25 29 ef 7b 75 ad 75 ad 75 ad 75 ad 75 ad 76 b5 96 b5 75 ad ec 62 25 29 45 29 a6 49 b2 94
1408,82.610348,OUT,9,0x0,0,
1409,82.610436,OUT,9,0x0,6,32 8f 83 5d 09 c5
1410,82.610660,OUT,9,0x0,0,
1411,82.610755,OUT,9,0x0,504,25 29 66 31 8e 73 76 b5 76 ad 75 ad 75 ad 75 ad 75 ad 75 ad d3 9c 05 21 25 21 25 29 45 29 d3 9c
1412,82.613521,OUT,9,0x0,0,
1413,82.613619,OUT,9,0x0,6,43 8f 84 6d 09 c5
1414,82.613799,OUT,9,0x0,0,
1415,82.613860,OUT,9,0x0,504,14 ad c8 41 ef 7b 75 ad 75 ad 75 ad 75 ad 75 ad 75 ad 75 ad 14 a5 28 42 e4 20 04 21 ec 62 d7 bd
1416,82.616632,OUT,9,0x0,0,
1417,82.616757,OUT,9,0x0,6,43 81 f4 6c 30 c5
1418,82.616912,OUT,9,0x0,0,
1419,82.616971,OUT,9,0x0,504,82 18 75 ad 75 ad 75 ad 75 ad 75 ad 75 ad 75 ad 75 ad 75 ad 75 ad 75 ad ef 7b 82 18 82 18 ff ff
1420,82.619855,OUT,9,0x0,0,
1421,82.620021,OUT,9,0x0,6,0c 4a 30 f8 b4 c5
1422,82.620163,OUT,9,0x0,0,
1423,82.620227,OUT,9,0x0,504,04 21 04 21 ef 7b 75 ad 75 ad 75 ad 75 ad 75 ad 75 ad 75 ad d3 9c 04 21 04 21 04 21 04 21 d7 bd
1424,82.623108,OUT,9,0x0,0,
1425,82.623178,OUT,9,0x0,6,0f ca 31 30 b4 c5
1426,82.623399,OUT,9,0x0,0,
1427,82.623490,OUT,9,0x0,504,04 21 04 21 ef 7b 75 ad 75 ad 75 ad 75 ad 75 ad 75 ad 75 ad 14 a5 28 42 04 21 04 21 04 21 d7 bd
1428,82.626357,OUT,9,0x0,0,
1429,82.626445,OUT,9,0x0,6,3c 44 64 c4 52 c5
1430,82.626666,OUT,9,0x0,0,
1431,82.626710,OUT,9,0x0,1690,05 21 05 21 05 21 05 21 05 21 05 21 05 21 05 21 05 21 05 21 05 21 05 21 05 21 05 21 05 21 05 21
1432,82.636468,OUT,9,0x0,0,
1433,82.636722,OUT,9,0x0,6,26 91 b3 11 27 c5
1434,82.636774,OUT,9,0x0,0,
1435,82.636802,OUT,9,0x0,1118,58 9e 58 9e 58 9e 58 9e 58 9e 58 9e 58 9e 58 9e 58 9e 58 9e 58 9e 58 9e 58 9e 58 9e 58 9e 58 9e
1436,82.643402,OUT,9,0x0,0,
1437,83.638275,OUT,9,0x0,6,32 8f 83 5d 09 c5
1438,83.638670,OUT,9,0x0,0,
1439,83.638754,OUT,9,0x0,504,25 29 66 31 46 31 d3 9c 76 ad 75 ad 75 ad 75 ad 75 ad 04 21 25 29 05 21 25 21 25 29 45 29 65 29
1440,83.641514,OUT,9,0x0,0,
1441,83.641633,OUT,9,0x0,6,40 0f 84 35 09 c5
1442,83.641811,OUT,9,0x0,0,
1443,83.641903,OUT,9,0x0,504,04 21 e4 20 e4 20 b3 9c 75 ad 75 ad 75 ad 75 ad 75 ad 04 19 e4 18 c4 18 05 29 11 8c e4 20 e4 18
1444,83.644621,OUT,9,0x0,0,
1445,83.644708,OUT,9,0x0,6,43 8f 84 6d 09 c5
1446,83.644913,OUT,9,0x0,0,
1447,83.644947,OUT,9,0x0,504,14 ad c8 41 ef 7b 75 ad 75 ad 75 ad 75 ad 75 ad 75 ad 75 ad d3 9c e4 20 e4 20 04 21 ec 62 d7 bd
1448,83.647752,OUT,9,0x0,0,
1449,83.647850,OUT,9,0x0,6,12 c3 d1 80 58 c5
1450,83.648052,OUT,9,0x0,0,
1451,83.648109,OUT,9,0x0,1232,ff ff ff ff ff ff fb d6 76 9d d4 84 d4 84 d4 84 d4 84 d4 84 d4 84 d4 84 d4 84 d4 84 d4 84 d4 84
1452,83.655739,OUT,9,0x0,0,
1453,83.655949,OUT,9,0x0,6,43 81 f4 6c 30 c5
1454,83.656000,OUT,9,0x0,0,
1455,83.656027,OUT,9,0x0,504,82 18 82 18 ef 7b 75 ad 75 ad 75 ad 75 ad 75 ad 75 ad 75 ad b2 94 82 18 82 18 82 18 82 18 d7 bd
1456,83.658860,OUT,9,0x0,0,
1457,83.658922,OUT,9,0x0,6,0c 4a 30 f8 b4 c5
1458,83.659141,OUT,9,0x0,0,
1459,83.659204,OUT,9,0x0,504,04 21 75 ad 75 ad 75 ad 75 ad 75 ad 75 ad 75 ad 75 ad 75 ad 75 ad 75 ad ef 7b 04 21 04 21 ff ff
1460,83.662105,OUT,9,0x0,0,
1461,83.662184,OUT,9,0x0,6,0f ca 31 30 b4 c5
1462,83.662398,OUT,9,0x0,0,
1463,83.662427,OUT,9,0x0,504,04 21 04 21 ef 7b 75 ad 75 ad 75 ad 75 ad 75 ad 75 ad 75 ad 14 a5 eb 5a 04 21 04 21 04 21 d7 bd
1464,83.665357,OUT,9,0x0,0,
1465,83.665616,OUT,9,0x0,6,3c 44 64 c4 52 c5
1466,83.665662,OUT,9,0x0,0,
1467,83.665694,OUT,9,0x0,1690,05 21 05 21 05 21 05 21 05 21 05 21 05 21 05 21 05 21 05 21 05 21 05 21 05 21 05 21 05 21 05 21
1468,83.675470,OUT,9,0x0,0,
1469,83.675707,OUT,9,0x0,6,2c 91 b4 bd 27 c5
1470,83.675755,OUT,9,0x0,0,
1471,83.675819,OUT,9,0x0,3276,21 08 42 10 63 18 83 18 63 18 84 18 a4 20 a4 20 a5 28 a5 28 a5 20 a5 20 c5 20 a5 20 84 20 84 18
1472,83.695163,OUT,9,0x0,0,
1473,84.645682,OUT,9,0x0,6,2b 8f 82 ed 09 c5
1474,84.646069,OUT,9,0x0,0,
1475,84.646180,OUT,9,0x0,504,c7 49 75 ad 75 ad 75 ad 75 ad 75 ad 75 ad 75 ad 76 b5 96 b5 75 ad 75 ad 10 84 45 29 a6 49 ff ff
1476,84.649030,OUT,9,0x0,0,
1477,84.649132,OUT,9,0x0,6,2f 0f 83 25 09 c5
1478,84.649308,OUT,9,0x0,0,
1479,84.649372,OUT,9,0x0,504,25 29 75 ad 75 ad 96 b5 76 b5 75 ad 76 b5 75 ad 75 ad 75 ad 76 ad 75 ad f0 7b 04 21 45 29 ff ff
1480,84.652210,OUT,9,0x0,0,
1481,84.652314,OUT,9,0x0,6,32 8f 83 5d 09 c5
1482,84.652494,OUT,9,0x0,0,
1483,84.652555,OUT,9,0x0,504,25 29 66 31 8e 73 76 b5 76 ad 75 ad 75 ad 75 ad 75 ad 75 ad d3 9c 05 21 25 21 25 29 45 29 d3 9c
1484,84.655437,OUT,9,0x0,0,
1485,84.655519,OUT,9,0x0,6,12 c3 d1 80 58 c5
1486,84.655729,OUT,9,0x0,0,
1487,84.655805,OUT,9,0x0,1232,ff ff ff ff ff ff ff ff ff ff ff ff ff ff ff ff ff ff ff ff fb d6 d4 84 d4 84 d4 84 d4 84 d4 84
1488,84.663478,OUT,9,0x0,0,
1489,84.663722,OUT,9,0x0,6,0c 4a 30 f8 b4 c5
1490,84.663771,OUT,9,0x0,0,
1491,84.663872,OUT,9,0x0,504,04 21 04 21 ef 7b 75 ad 75 ad 75 ad 75 ad 75 ad 75 ad 75 ad d3 9c 04 21 04 21 04 21 04 21 d7 bd
1492,84.666762,OUT,9,0x0,0,
1493,84.666853,OUT,9,0x0,6,0f ca 31 30 b4 c5
1494,84.667053,OUT,9,0x0,0,
1495,84.667112,OUT,9,0x0,504,04 21 04 21 ef 7b 75 ad 75 ad 75 ad 75 ad 75 ad 75 ad 75 ad 75 ad eb 5a 04 21 04 21 04 21 d3 9c
1496,84.669954,OUT,9,0x0,0,
1497,84.670078,OUT,9,0x0,6,3c 44 64 c4 52 c5
1498,84.670257,OUT,9,0x0,0,
1499,84.670331,OUT,9,0x0,1690,05 21 05 21 05 21 05 21 05 21 05 21 05 21 05 21 05 21 05 21 05 21 05 21 05 21 05 21 05 21 05 21
1500,84.680166,OUT,9,0x0,0,
1501,84.680405,OUT,9,0x0,6,2c 91 b4 bd 27 c5
1502,84.680457,OUT,9,0x0,0,
1503,84.680520,OUT,9,0x0,3276,21 08 42 10 63 18 83 18 63 18 84 18 a4 20 a4 20 a5 28 a5 28 a5 20 a5 20 c5 20 a5 20 84 20 84 18
1504,84.699580,OUT,9,0x0,0,
1505,85.625592,OUT,9,0x0,6,2f 0f 83 25 09 c5
1506,85.625796,OUT,9,0x0,0,
1507,85.625854,OUT,9,0x0,504,25 29 c4 20 10 84 96 b5 76 b5 75 ad 76 b5 75 ad 75 ad 75 ad 34 a5 29 4a 05 21 04 21 45 29 d7 bd
1508,85.628782,OUT,9,0x0,0,
1509,85.628832,OUT,9,0x0,6,32 8f 83 5d 09 c5
1510,85.629092,OUT,9,0x0,0,
1511,85.629121,OUT,9,0x0,504,25 29 76 b5 76 b5 76 b5 76 ad 75 ad 75 ad 75 ad 75 ad 75 ad 75 ad 75 ad 10 7c 25 29 45 29 ff ff
1512,85.632030,OUT,9,0x0,0,
1513,85.632116,OUT,9,0x0,6,12 c3 d1 80 58 c5
1514,85.632340,OUT,9,0x0,0,
1515,85.632386,OUT,9,0x0,1232,ff ff ff ff ff ff fb d6 76 9d d4 84 d4 84 d4 84 d4 84 d4 84 d4 84 d4 84 d4 84 d4 84 d4 84 d4 84
1516,85.639983,OUT,9,0x0,0,
1517,85.640184,OUT,9,0x0,6,40 01 f4 34 30 c5
1518,85.640232,OUT,9,0x0,0,
1519,85.640266,OUT,9,0x0,504,83 10 a3 10 ef 7b 75 ad 75 ad 75 ad 75 ad 75 ad 75 ad 75 ad b2 94 82 10 82 10 82 18 a3 10 d7 bd
1520,85.643112,OUT,9,0x0,0,
1521,85.644792,OUT,9,0x0,6,43 81 f4 6c 30 c5
1522,85.644839,OUT,9,0x0,0,
1523,85.644924,OUT,9,0x0,504,82 18 82 18 cb 5a 75 ad 75 ad 75 ad 75 ad 75 ad 75 ad 75 ad b2 94 08 42 82 18 82 18 82 18 51 8c
1524,85.647781,OUT,9,0x0,0,
1525,85.647847,OUT,9,0x0,6,0c 4a 30 f8 b4 c5
1526,85.648092,OUT,9,0x0,0,
1527,85.648124,OUT,9,0x0,504,04 21 04 21 ef 7b 75 ad 75 ad 75 ad 75 ad 75 ad 75 ad 75 ad 75 ad eb 5a 04 21 04 21 04 21 d3 9c
1528,85.650954,OUT,9,0x0,0,
1529,85.651031,OUT,9,0x0,6,0f ca 31 30 b4 c5
1530,85.651247,OUT,9,0x0,0,
1531,85.651291,OUT,9,0x0,504,04 21 04 21 eb 5a 75 ad 75 ad 75 ad 75 ad 75 ad 75 ad 75 ad d3 9c 28 42 04 21 04 21 04 21 71 8c
1532,85.654191,OUT,9,0x0,0,
1533,85.654388,OUT,9,0x0,6,27 04 63 e8 52 c5
1534,85.654494,OUT,9,0x0,0,
1535,85.654526,OUT,9,0x0,2470,58 9e 58 9e 58 9e 58 9e 58 9e 58 9e 58 9e 58 9e 58 9e 58 9e 58 9e 58 9e 58 9e 58 9e 58 9e 58 9e
1536,85.668949,OUT,9,0x0,0,
1537,85.669171,OUT,9,0x0,6,2c 91 b4 bd 27 c5
1538,85.669225,OUT,9,0x0,0,
1539,85.669254,OUT,9,0x0,3276,21 08 42 10 63 18 83 18 63 18 84 18 a4 20 a4 20 a5 28 a5 28 a5 20 a5 20 c5 20 a5 20 84 20 84 18
1540,85.688555,OUT,9,0x0,0,
1541,86.687317,OUT,9,0x0,6,2b 8f 82 ed 09 c5
1542,86.687706,OUT,9,0x0,0,
1543,86.687763,OUT,9,0x0,504,c7 49 25 29 ef 7b 75 ad 75 ad 75 ad 75 ad 75 ad 76 b5 96 b5 75 ad ec 62 25 29 45 29 a6 49 b2 94
1544,86.690630,OUT,9,0x0,0,
1545,86.690682,OUT,9,0x0,6,2f 0f 83 25 09 c5
1546,86.690917,OUT,9,0x0,0,
1547,86.690948,OUT,9,0x0,504,25 29 c4 20 10 84 96 b5 76 b5 75 ad 76 b5 75 ad 75 ad 75 ad 34 a5 ec 62 05 21 04 21 45 29 d7 bd
1548,86.693759,OUT,9,0x0,0,
1549,86.693834,OUT,9,0x0,6,32 8f 83 5d 09 c5
1550,86.694054,OUT,9,0x0,0,
1551,86.694084,OUT,9,0x0,504,25 29 66 31 8e 73 76 b5 76 ad 75 ad 75 ad 75 ad 75 ad 75 ad d3 9c 05 21 25 21 25 29 45 29 d3 9c
1552,86.696955,OUT,9,0x0,0,
1553,86.697005,OUT,9,0x0,6,40 0f 84 35 09 c5
1554,86.697261,OUT,9,0x0,0,
1555,86.697291,OUT,9,0x0,504,04 21 e4 20 6e 73 75 ad 75 ad 75 ad 75 ad 75 ad 75 ad 75 ad b3 94 c4 18 05 29 11 8c e4 20 b3 94
1556,86.700191,OUT,9,0x0,0,
1557,86.700274,OUT,9,0x0,6,43 8f 84 6d 09 c5
1558,86.700496,OUT,9,0x0,0,
1559,86.700538,OUT,9,0x0,504,14 ad c8 41 ef 7b 75 ad 75 ad 75 ad 75 ad 75 ad 75 ad 75 ad 14 a5 28 42 e4 20 04 21 ec 62 d7 bd
1560,86.703441,OUT,9,0x0,0,
1561,86.703515,OUT,9,0x0,6,12 c3 d1 80 58 c5
1562,86.703733,OUT,9,0x0,0,
1563,86.703770,OUT,9,0x0,1232,ff ff ff ff ff ff ff ff ff ff ff ff ff ff ff ff ff ff ff ff fb d6 d4 84 d4 84 d4 84 d4 84 d4 84
1564,86.711416,OUT,9,0x0,0,
1565,86.711627,OUT,9,0x0,6,40 01 f4 34 30 c5
1566,86.711674,OUT,9,0x0,0,
1567,86.711771,OUT,9,0x0,504,83 10 ef 7b 75 ad 75 ad 75 ad 75 ad 75 ad 75 ad 75 ad 75 ad 75 ad 75 ad 82 10 82 18 a3 10 75 ad
1568,86.714622,OUT,9,0x0,0,
1569,86.714708,OUT,9,0x0,6,43 81 f4 6c 30 c5
1570,86.714916,OUT,9,0x0,0,
1571,86.714945,OUT,9,0x0,504,82 18 75 ad 75 ad 75 ad 75 ad 75 ad 75 ad 75 ad 75 ad 75 ad 75 ad 75 ad ef 7b 82 18 82 18 ff ff
1572,86.717858,OUT,9,0x0,0,
1573,86.717909,OUT,9,0x0,6,0c 4a 30 f8 b4 c5
1574,86.718159,OUT,9,0x0,0,
1575,86.718193,OUT,9,0x0,504,04 21 75 ad 75 ad 75 ad 75 ad 75 ad 75 ad 75 ad 75 ad 75 ad 75 ad 75 ad ef 7b 04 21 04 21 ff ff
1576,86.720957,OUT,9,0x0,0,
1577,86.721034,OUT,9,0x0,6,0f ca 31 30 b4 c5
1578,86.721251,OUT,9,0x0,0,
1579,86.721297,OUT,9,0x0,504,04 21 04 21 04 21 d3 9c 75 ad 75 ad 75 ad 75 ad 75 ad 04 21 04 21 04 21 04 21 04 21 04 21 04 21
1580,86.724186,OUT,9,0x0,0,
1581,86.724268,OUT,9,0x0,6,3c 84 64 c4 52 c5
1582,86.724479,OUT,9,0x0,0,
1583,86.724507,OUT,9,0x0,1664,05 21 05 21 05 21 05 21 05 21 05 21 05 21 05 21 05 21 05 21 05 21 05 21 05 21 05 21 05 21 05 21
1584,86.733967,OUT,9,0x0,0,
1585,86.734189,OUT,9,0x0,6,26 91 b3 11 27 c5
1586,86.734302,OUT,9,0x0,0,
1587,86.734337,OUT,9,0x0,1118,58 9e 58 9e 58 9e 58 9e 58 9e 58 9e 58 9e 58 9e 58 9e 58 9e 58 9e 58 9e 58 9e 58 9e 58 9e 58 9e
1588,86.740821,OUT,9,0x0,0,
1589,87.675206,OUT,9,0x0,6,43 8f 84 6d 09 c5
1590,87.675588,OUT,9,0x0,0,
1591,87.675719,OUT,9,0x0,504,14 ad c8 41 e4 18 25 21 05 21 25 21 28 42 75 ad 75 ad 75 ad ec 5a e4 20 e4 20 04 21 ec 62 05 21
1592,87.678515,OUT,9,0x0,0,
1593,87.678573,OUT,9,0x0,6,12 c3 d1 80 58 c5
1594,87.678822,OUT,9,0x0,0,
1595,87.678852,OUT,9,0x0,1232,ff ff ff ff ff ff fb d6 76 9d d4 84 d4 84 d4 84 d4 84 d4 84 d4 84 d4 84 d4 84 d4 84 d4 84 d4 84
1596,87.686324,OUT,9,0x0,0,
1597,87.686561,OUT,9,0x0,6,3c 84 64 c4 52 c5
1598,87.686611,OUT,9,0x0,0,
1599,87.686647,OUT,9,0x0,1664,05 21 05 21 05 21 05 21 05 21 05 21 05 21 05 21 05 21 05 21 05 21 05 21 05 21 05 21 05 21 05 21
1600,87.696238,OUT,9,0x0,0,
1601,87.696472,OUT,9,0x0,6,2f 91 b4 bd 27 c5
1602,87.696583,OUT,9,0x0,0,
1603,87.696612,OUT,9,0x0,2964,c5 20 a5 20 84 20 84 18 a5 20 a5 18 a5 18 a4 18 a4 18 84 18 84 18 83 18 83 18 83 10 83 10 63 10
1604,87.714047,OUT,9,0x0,0,
1605,88.742956,OUT,9,0x0,6,2b 8f 82 ed 09 c5
1606,88.743344,OUT,9,0x0,0,
1607,88.743439,OUT,9,0x0,504,c7 49 75 ad 75 ad 75 ad 75 ad 75 ad 75 ad 75 ad 76 b5 96 b5 75 ad 75 ad 10 84 45 29 a6 49 ff ff
1608,88.746352,OUT,9,0x0,0,
1609,88.746435,OUT,9,0x0,6,2f 0f 83 25 09 c5
1610,88.746648,OUT,9,0x0,0,
1611,88.746711,OUT,9,0x0,504,25 29 75 ad 75 ad 96 b5 76 b5 75 ad 76 b5 75 ad 75 ad 75 ad 76 ad 75 ad f0 7b 04 21 45 29 ff ff
1612,88.749519,OUT,9,0x0,0,
1613,88.749671,OUT,9,0x0,6,43 8f 84 6d 09 c5
1614,88.749810,OUT,9,0x0,0,
1615,88.749871,OUT,9,0x0,504,14 ad c8 41 eb 5a 75 ad 75 ad 75 ad 75 ad 75 ad 75 ad 75 ad d3 9c 28 42 e4 20 04 21 ec 62 71 8c
1616,88.752783,OUT,9,0x0,0,
1617,88.752976,OUT,9,0x0,6,12 c3 d1 80 58 c5
1618,88.753081,OUT,9,0x0,0,
1619,88.753150,OUT,9,0x0,1232,ff ff ff ff ff ff ff ff ff ff ff ff ff ff ff ff ff ff ff ff fb d6 d4 84 d4 84 d4 84 d4 84 d4 84
1620,88.760613,OUT,9,0x0,0,
1621,88.760844,OUT,9,0x0,6,43 81 f4 6c 30 c5
1622,88.760919,OUT,9,0x0,0,
1623,88.760983,OUT,9,0x0,504,82 18 82 18 ef 7b 75 ad 75 ad 75 ad 75 ad 75 ad 75 ad 75 ad b2 94 82 18 82 18 82 18 82 18 d7 bd
1624,88.763757,OUT,9,0x0,0,
1625,88.763869,OUT,9,0x0,6,0c 4a 30 f8 b4 c5
1626,88.764057,OUT,9,0x0,0,
1627,88.764126,OUT,9,0x0,504,04 21 04 21 ef 7b 75 ad 75 ad 75 ad 75 ad 75 ad 75 ad 75 ad d3 9c 04 21 04 21 04 21 04 21 d7 bd
1628,88.767035,OUT,9,0x0,0,
1629,88.767111,OUT,9,0x0,6,0f ca 31 30 b4 c5
1630,88.767328,OUT,9,0x0,0,
1631,88.767367,OUT,9,0x0,504,04 21 75 ad 75 ad 75 ad 75 ad 75 ad 75 ad 75 ad 75 ad 75 ad 75 ad 75 ad ef 7b 04 21 04 21 ff ff
1632,88.770215,OUT,9,0x0,0,
1633,88.770445,OUT,9,0x0,6,3c 44 64 c4 52 c5
1634,88.770548,OUT,9,0x0,0,
1635,88.770625,OUT,9,0x0,1690,05 21 05 21 05 21 05 21 05 21 05 21 05 21 05 21 05 21 05 21 05 21 05 21 05 21 05 21 05 21 05 21
1636,88.780474,OUT,9,0x0,0,
1637,88.780720,OUT,9,0x0,6,2f 11 b4 bd 27 c5
1638,88.780770,OUT,9,0x0,0,
1639,88.780833,OUT,9,0x0,3016,a5 20 a5 20 c5 20 a5 20 84 20 84 18 a5 20 a5 18 a5 18 a4 18 a4 18 84 18 84 18 83 18 83 18 83 10
1640,88.798574,OUT,9,0x0,0,
1641,89.743067,OUT,9,0x0,6,2f 0f 83 25 09 c5
1642,89.743450,OUT,9,0x0,0,
1643,89.743502,OUT,9,0x0,504,25 29 c4 20 25 29 d3 9c 76 b5 75 ad 76 b5 75 ad 75 ad 25 29 66 29 25 29 05 21 04 21 45 29 04 21
1644,89.746354,OUT,9,0x0,0,
1645,89.746417,OUT,9,0x0,6,32 8f 83 5d 09 c5
1646,89.746634,OUT,9,0x0,0,
1647,89.746667,OUT,9,0x0,504,25 29 66 31 10 84 76 b5 76 ad 75 ad 75 ad 75 ad 75 ad 75 ad d3 9c 05 21 25 21 25 29 45 29 d7 bd
1648,89.749444,OUT,9,0x0,0,
1649,89.749534,OUT,9,0x0,6,0f ca 31 30 b4 c5
1650,89.749755,OUT,9,0x0,0,
1651,89.749787,OUT,9,0x0,504,04 21 04 21 eb 5a 75 ad 75 ad 75 ad 75 ad 75 ad 75 ad 75 ad d3 9c 28 42 04 21 04 21 04 21 71 8c
1652,89.752613,OUT,9,0x0,0,
1653,89.752709,OUT,9,0x0,6,3c 44 64 c4 52 c5
1654,89.752920,OUT,9,0x0,0,
1655,89.752957,OUT,9,0x0,1690,05 21 05 21 05 21 05 21 05 21 05 21 05 21 05 21 05 21 05 21 05 21 05 21 05 21 05 21 05 21 05 21
1656,89.762808,OUT,9,0x0,0,
1657,89.763056,OUT,9,0x0,6,2f 11 b4 bd 27 c5
1658,89.763105,OUT,9,0x0,0,
1659,89.763207,OUT,9,0x0,3016,a5 20 a5 20 c5 20 a5 20 84 20 84 18 a5 20 a5 18 a5 18 a4 18 a4 18 84 18 84 18 83 18 83 18 83 10
1660,89.780932,OUT,9,0x0,0,
1661,90.743055,OUT,9,0x0,6,2b 8f 82 ed 09 c5
1662,90.743442,OUT,9,0x0,0,
1663,90.743530,OUT,9,0x0,504,c7 49 25 29 ef 7b 75 ad 75 ad 75 ad 75 ad 75 ad 76 b5 96 b5 75 ad ec 62 25 29 45 29 a6 49 b2 94
1664,90.746447,OUT,9,0x0,0,
1665,90.746557,OUT,9,0x0,6,2f 0f 83 25 09 c5
1666,90.746730,OUT,9,0x0,0,
1667,90.746840,OUT,9,0x0,504,25 29 c4 20 10 84 96 b5 76 b5 75 ad 76 b5 75 ad 75 ad 75 ad 34 a5 ec 62 05 21 04 21 45 29 d7 bd
1668,90.749643,OUT,9,0x0,0,
1669,90.749785,OUT,9,0x0,6,32 8f 83 5d 09 c5
1670,90.749957,OUT,9,0x0,0,
1671,90.750080,OUT,9,0x0,504,25 29 66 31 8e 73 76 b5 76 ad 75 ad 75 ad 75 ad 75 ad 75 ad d3 9c 05 21 25 21 25 29 45 29 d3 9c
1672,90.752963,OUT,9,0x0,0,
1673,90.753064,OUT,9,0x0,6,40 0f 84 35 09 c5
1674,90.753242,OUT,9,0x0,0,
1675,90.753273,OUT,9,0x0,504,04 21 e4 20 eb 5a 75 ad 75 ad 75 ad 75 ad 75 ad 75 ad 75 ad b3 94 08 42 05 29 11 8c e4 20 51 8c
1676,90.756116,OUT,9,0x0,0,
1677,90.756308,OUT,9,0x0,6,43 8f 84 6d 09 c5
1678,90.756417,OUT,9,0x0,0,
1679,90.756482,OUT,9,0x0,504,14 ad c8 41 e4 18 d3 9c 75 ad 75 ad 75 ad 75 ad 75 ad 05 21 05 21 e4 20 e4 20 04 21 ec 62 05 21
1680,90.759352,OUT,9,0x0,0,
1681,90.759454,OUT,9,0x0,6,12 c3 d1 80 58 c5
1682,90.759631,OUT,9,0x0,0,
1683,90.759692,OUT,9,0x0,1232,ff ff ff ff ff ff fb d6 76 9d d4 84 d4 84 d4 84 d4 84 d4 84 d4 84 d4 84 d4 84 d4 84 d4 84 d4 84
1684,90.767325,OUT,9,0x0,0,
1685,90.767566,OUT,9,0x0,6,3c 44 64 c4 52 c5
1686,90.767615,OUT,9,0x0,0,
1687,90.767648,OUT,9,0x0,1690,05 21 05 21 05 21 05 21 05 21 05 21 05 21 05 21 05 21 05 21 05 21 05 21 05 21 05 21 05 21 05 21
1688,90.777558,OUT,9,0x0,0,
1689,90.777762,OUT,9,0x0,6,26 91 b3 1d 27 c5
1690,90.777814,OUT,9,0x0,0,
1691,90.777891,OUT,9,0x0,1196,58 9e 58 9e 58 9e 58 9e 58 9e 58 9e 58 9e 58 9e 58 9e 58 9e 58 9e 58 9e 58 9e 58 9e 58 9e 58 9e
1692,90.784809,OUT,9,0x0,0,
1693,91.743045,OUT,9,0x0,6,40 0f 84 35 09 c5
1694,91.743434,OUT,9,0x0,0,
1695,91.743523,OUT,9,0x0,504,04 21 e4 20 6e 73 75 ad 75 ad 75 ad 75 ad 75 ad 75 ad 75 ad b3 94 c4 18 05 29 11 8c e4 20 b3 94
1696,91.746361,OUT,9,0x0,0,
1697,91.746420,OUT,9,0x0,6,43 8f 84 6d 09 c5
1698,91.746669,OUT,9,0x0,0,
1699,91.746737,OUT,9,0x0,504,14 ad c8 41 e4 18 25 21 05 21 25 21 28 42 75 ad 75 ad 75 ad ec 5a e4 20 e4 20 04 21 ec 62 05 21
1700,91.749518,OUT,9,0x0,0,
1701,91.749630,OUT,9,0x0,6,3c 44 64 c4 52 c5
1702,91.749814,OUT,9,0x0,0,
1703,91.749844,OUT,9,0x0,1690,05 21 05 21 05 21 05 21 05 21 05 21 05 21 05 21 05 21 05 21 05 21 05 21 05 21 05 21 05 21 05 21
1704,91.759811,OUT,9,0x0,0,
1705,91.760028,OUT,9,0x0,6,2f 91 b4 bd 27 c5
1706,91.760078,OUT,9,0x0,0,
1707,91.760111,OUT,9,0x0,2964,c5 20 a5 20 84 20 84 18 a5 20 a5 18 a5 18 a4 18 a4 18 84 18 84 18 83 18 83 18 83 10 83 10 63 10
1708,91.777429,OUT,9,0x0,0,
1709,92.742722,OUT,9,0x0,6,2b 8f 82 ed 09 c5
1710,92.743120,OUT,9,0x0,0,
1711,92.743184,OUT,9,0x0,504,c7 49 75 ad 75 ad 75 ad 75 ad 75 ad 75 ad 75 ad 76 b5 96 b5 75 ad 75 ad 10 84 45 29 a6 49 ff ff
1712,92.746037,OUT,9,0x0,0,
1713,92.746114,OUT,9,0x0,6,32 8f 83 5d 09 c5
1714,92.746331,OUT,9,0x0,0,
1715,92.746402,OUT,9,0x0,504,25 29 66 31 46 31 46 31 46 29 05 21 49 4a 75 ad 75 ad 75 ad ec 62 05 21 25 21 25 29 45 29 65 29
1716,92.749215,OUT,9,0x0,0,
1717,92.749285,OUT,9,0x0,6,43 8f 84 6d 09 c5
1718,92.749508,OUT,9,0x0,0,
1719,92.749578,OUT,9,0x0,504,14 ad c8 41 eb 5a 75 ad 75 ad 75 ad 75 ad 75 ad 75 ad 75 ad d3 9c 28 42 e4 20 04 21 ec 62 71 8c
1720,92.752365,OUT,9,0x0,0,
1721,92.752455,OUT,9,0x0,6,0f ca 31 30 b4 c5
1722,92.752672,OUT,9,0x0,0,
1723,92.752734,OUT,9,0x0,504,04 21 04 21 ef 7b 75 ad 75 ad 75 ad 75 ad 75 ad 75 ad 75 ad 14 a5 eb 5a 04 21 04 21 04 21 d7 bd
1724,92.755537,OUT,9,0x0,0,
1725,92.755639,OUT,9,0x0,6,3c 44 64 c4 52 c5
1726,92.755818,OUT,9,0x0,0,
1727,92.755855,OUT,9,0x0,1690,05 21 05 21 05 21 05 21 05 21 05 21 05 21 05 21 05 21 05 21 05 21 05 21 05 21 05 21 05 21 05 21
1728,92.765810,OUT,9,0x0,0,
1729,92.766084,OUT,9,0x0,6,2f 11 b4 bd 27 c5
1730,92.766134,OUT,9,0x0,0,
1731,92.766196,OUT,9,0x0,3016,a5 20 a5 20 c5 20 a5 20 84 20 84 18 a5 20 a5 18 a5 18 a4 18 a4 18 84 18 84 18 83 18 83 18 83 10
1732,92.783933,OUT,9,0x0,0,
1733,93.743051,OUT,9,0x0,6,2b 8f 82 ed 09 c5
1734,93.743433,OUT,9,0x0,0,
1735,93.743486,OUT,9,0x0,504,c7 49 25 29 ef 7b 75 ad 75 ad 75 ad 75 ad 75 ad 76 b5 96 b5 75 ad ec 62 25 29 45 29 a6 49 b2 94
1736,93.746369,OUT,9,0x0,0,
1737,93.746423,OUT,9,0x0,6,32 8f 83 5d 09 c5
1738,93.746673,OUT,9,0x0,0,
1739,93.746703,OUT,9,0x0,504,25 29 66 31 0c 63 76 b5 76 ad 75 ad 75 ad 75 ad 75 ad 75 ad d3 9c 29 42 25 21 25 29 45 29 71 8c
1740,93.749534,OUT,9,0x0,0,
1741,93.749616,OUT,9,0x0,6,43 8f 84 6d 09 c5
1742,93.749839,OUT,9,0x0,0,
1743,93.749867,OUT,9,0x0,504,14 ad c8 41 e4 18 25 21 05 21 25 21 28 42 75 ad 75 ad 75 ad ec 5a e4 20 e4 20 04 21 ec 62 05 21
1744,93.752747,OUT,9,0x0,0,
1745,93.752833,OUT,9,0x0,6,0c 4a 30 f8 b4 c5
1746,93.753062,OUT,9,0x0,0,
1747,93.753090,OUT,9,0x0,504,04 21 ef 7b 75 ad 75 ad 75 ad 75 ad 75 ad 75 ad 75 ad 75 ad 75 ad 75 ad 04 21 04 21 04 21 75 ad
1748,93.755962,OUT,9,0x0,0,
1749,93.756038,OUT,9,0x0,6,0f ca 31 30 b4 c5
1750,93.756262,OUT,9,0x0,0,
1751,93.756311,OUT,9,0x0,504,04 21 04 21 ef 7b 75 ad 75 ad 75 ad 75 ad 75 ad 75 ad 75 ad 75 ad eb 5a 04 21 04 21 04 21 d3 9c
1752,93.759198,OUT,9,0x0,0,
1753,93.759284,OUT,9,0x0,6,3c 44 64 c4 52 c5
1754,93.759495,OUT,9,0x0,0,
1755,93.759525,OUT,9,0x0,1690,05 21 05 21 05 21 05 21 05 21 05 21 05 21 05 21 05 21 05 21 05 21 05 21 05 21 05 21 05 21 05 21
1756,93.769313,OUT,9,0x0,0,
1757,93.769529,OUT,9,0x0,6,2f 91 b4 bd 27 c5
1758,93.769577,OUT,9,0x0,0,
1759,93.769633,OUT,9,0x0,2964,c5 20 a5 20 84 20 84 18 a5 20 a5 18 a5 18 a4 18 a4 18 84 18 84 18 83 18 83 18 83 10 83 10 63 10
1760,93.787051,OUT,9,0x0,0,
1761,94.778758,OUT,9,0x0,6,32 8f 83 5d 09 c5
1762,94.779145,OUT,9,0x0,0,
1763,94.779286,OUT,9,0x0,504,25 29 66 31 46 31 d3 9c 76 ad 75 ad 75 ad 75 ad 75 ad 04 21 25 29 05 21 25 21 25 29 45 29 65 29
1764,94.782118,OUT,9,0x0,0,
1765,94.782242,OUT,9,0x0,6,40 0f 84 35 09 c5
1766,94.782421,OUT,9,0x0,0,
1767,94.782482,OUT,9,0x0,504,04 21 e4 20 eb 5a 75 ad 75 ad 75 ad 75 ad 75 ad 75 ad 75 ad b3 94 08 42 05 29 11 8c e4 20 51 8c
1768,94.785368,OUT,9,0x0,0,
1769,94.785437,OUT,9,0x0,6,43 8f 84 6d 09 c5
1770,94.785659,OUT,9,0x0,0,
1771,94.785686,OUT,9,0x0,504,14 ad c8 41 e4 18 d3 9c 75 ad 75 ad 75 ad 75 ad 75 ad 05 21 05 21 e4 20 e4 20 04 21 ec 62 05 21
1772,94.788442,OUT,9,0x0,0,
1773,94.788531,OUT,9,0x0,6,12 c3 d1 80 58 c5
1774,94.788748,OUT,9,0x0,0,
1775,94.788789,OUT,9,0x0,1232,ff ff ff ff ff ff fb d6 76 9d d4 84 d4 84 d4 84 d4 84 d4 84 d4 84 d4 84 d4 84 d4 84 d4 84 d4 84
1776,94.796414,OUT,9,0x0,0,
1777,94.796667,OUT,9,0x0,6,0f ca 31 30 b4 c5
1778,94.796715,OUT,9,0x0,0,
1779,94.796785,OUT,9,0x0,504,04 21 04 21 ef 7b 75 ad 75 ad 75 ad 75 ad 75 ad 75 ad 75 ad 14 a5 28 42 04 21 04 21 04 21 d7 bd
1780,94.799620,OUT,9,0x0,0,
1781,94.799708,OUT,9,0x0,6,3c 44 64 c4 52 c5
1782,94.799924,OUT,9,0x0,0,
1783,94.799953,OUT,9,0x0,1690,05 21 05 21 05 21 05 21 05 21 05 21 05 21 05 21 05 21 05 21 05 21 05 21 05 21 05 21 05 21 05 21
1784,94.809813,OUT,9,0x0,0,
1785,94.810060,OUT,9,0x0,6,26 91 b3 1d 27 c5
1786,94.810109,OUT,9,0x0,0,
1787,94.810175,OUT,9,0x0,1196,58 9e 58 9e 58 9e 58 9e 58 9e 58 9e 58 9e 58 9e 58 9e 58 9e 58 9e 58 9e 58 9e 58 9e 58 9e 58 9e
1788,94.817037,OUT,9,0x0,0,
1789,95.811986,OUT,9,0x0,6,2b 8f 82 ed 09 c5
1790,95.812378,OUT,9,0x0,0,
1791,95.812473,OUT,9,0x0,504,c7 49 75 ad 75 ad 75 ad 75 ad 75 ad 75 ad 75 ad 76 b5 96 b5 75 ad 75 ad 10 84 45 29 a6 49 ff ff
1792,95.815359,OUT,9,0x0,0,
1793,95.815437,OUT,9,0x0,6,2f 0f 83 25 09 c5
1794,95.815655,OUT,9,0x0,0,
1795,95.815711,OUT,9,0x0,504,25 29 75 ad 75 ad 96 b5 76 b5 75 ad 76 b5 75 ad 75 ad 75 ad 76 ad 75 ad f0 7b 04 21 45 29 ff ff
1796,95.818525,OUT,9,0x0,0,
1797,95.818638,OUT,9,0x0,6,32 8f 83 5d 09 c5
1798,95.818823,OUT,9,0x0,0,
1799,95.818898,OUT,9,0x0,504,25 29 66 31 8e 73 76 b5 76 ad 75 ad 75 ad 75 ad 75 ad 75 ad d3 9c 05 21 25 21 25 29 45 29 d3 9c
1800,95.821639,OUT,9,0x0,0,
1801,95.821727,OUT,9,0x0,6,40 0f 84 35 09 c5
1802,95.821925,OUT,9,0x0,0,
1803,95.821993,OUT,9,0x0,504,04 21 e4 20 6e 73 75 ad 75 ad 75 ad 75 ad 75 ad 75 ad 75 ad b3 94 c4 18 05 29 11 8c e4 20 b3 94
1804,95.824783,OUT,9,0x0,0,
1805,95.824886,OUT,9,0x0,6,43 8f 84 6d 09 c5
1806,95.825065,OUT,9,0x0,0,
1807,95.825134,OUT,9,0x0,504,14 ad c8 41 eb 5a 75 ad 75 ad 75 ad 75 ad 75 ad 75 ad 75 ad d3 9c 28 42 e4 20 04 21 ec 62 71 8c
1808,95.828042,OUT,9,0x0,0,
1809,95.828140,OUT,9,0x0,6,12 c3 d1 80 58 c5
1810,95.828321,OUT,9,0x0,0,
1811,95.828402,OUT,9,0x0,1232,ff ff ff ff ff ff fb d6 76 9d d4 84 d4 84 d4 84 d4 84 d4 84 d4 84 d4 84 d4 84 d4 84 d4 84 d4 84
1812,95.835987,OUT,9,0x0,0,
1813,95.836252,OUT,9,0x0,6,0f ca 31 30 b4 c5
1814,95.836302,OUT,9,0x0,0,
1815,95.836377,OUT,9,0x0,504,04 21 75 ad 75 ad 75 ad 75 ad 75 ad 75 ad 75 ad 75 ad 75 ad 75 ad 75 ad ef 7b 04 21 04 21 ff ff
1816,95.839117,OUT,9,0x0,0,
1817,95.839202,OUT,9,0x0,6,3c 04 64 c4 52 c5
1818,95.839414,OUT,9,0x0,0,
1819,95.839451,OUT,9,0x0,1716,05 21 05 21 05 21 05 21 05 21 05 21 05 21 05 21 05 21 05 21 05 21 05 21 05 21 05 21 05 21 05 21
1820,95.849344,OUT,9,0x0,0,
1821,95.849590,OUT,9,0x0,6,2f 11 b4 bd 27 c5
1822,95.849647,OUT,9,0x0,0,
1823,95.849729,OUT,9,0x0,3016,a5 20 a5 20 c5 20 a5 20 84 20 84 18 a5 20 a5 18 a5 18 a4 18 a4 18 84 18 84 18 83 18 83 18 83 10
1824,95.867386,OUT,9,0x0,0,
1825,96.830144,OUT,9,0x0,6,2f 0f 83 25 09 c5
1826,96.830530,OUT,9,0x0,0,
1827,96.830618,OUT,9,0x0,504,25 29 c4 20 10 84 96 b5 76 b5 75 ad 76 b5 75 ad 75 ad 75 ad 34 a5 ec 62 05 21 04 21 45 29 d7 bd
1828,96.833545,OUT,9,0x0,0,
1829,96.833642,OUT,9,0x0,6,32 8f 83 5d 09 c5
1830,96.833822,OUT,9,0x0,0,
1831,96.833887,OUT,9,0x0,504,25 29 66 31 46 31 46 31 46 29 05 21 49 4a 75 ad 75 ad 75 ad ec 62 05 21 25 21 25 29 45 29 65 29
1832,96.836751,OUT,9,0x0,0,
1833,96.836840,OUT,9,0x0,6,40 0f 84 35 09 c5
1834,96.837064,OUT,9,0x0,0,
1835,96.837131,OUT,9,0x0,504,04 21 e4 20 e4 20 b3 9c 75 ad 75 ad 75 ad 75 ad 75 ad 04 19 e4 18 c4 18 05 29 11 8c e4 20 e4 18
1836,96.839964,OUT,9,0x0,0,
1837,96.840095,OUT,9,0x0,6,43 8f 84 6d 09 c5
1838,96.840274,OUT,9,0x0,0,
1839,96.840364,OUT,9,0x0,504,14 ad c8 41 ef 7b 75 ad 75 ad 75 ad 75 ad 75 ad 75 ad 75 ad d3 9c e4 20 e4 20 04 21 ec 62 d7 bd
1840,96.843201,OUT,9,0x0,0,
1841,96.843300,OUT,9,0x0,6,0f ca 31 30 b4 c5
1842,96.843480,OUT,9,0x0,0,
1843,96.843554,OUT,9,0x0,504,04 21 04 21 ef 7b 75 ad 75 ad 75 ad 75 ad 75 ad 75 ad 75 ad 75 ad eb 5a 04 21 04 21 04 21 d3 9c
1844,96.846370,OUT,9,0x0,0,
1845,96.846501,OUT,9,0x0,6,2c 91 b4 bd 27 c5
1846,96.846650,OUT,9,0x0,0,
1847,96.846683,OUT,9,0x0,3276,21 08 42 10 63 18 83 18 63 18 84 18 a4 20 a4 20 a5 28 a5 28 a5 20 a5 20 c5 20 a5 20 84 20 84 18
1848,96.865943,OUT,9,0x0,0,
1849,97.835291,OUT,9,0x0,6,2b 8f 82 ed 09 c5
1850,97.835676,OUT,9,0x0,0,
1851,97.835782,OUT,9,0x0,504,c7 49 25 29 ef 7b 75 ad 75 ad 75 ad 75 ad 75 ad 76 b5 96 b5 75 ad ec 62 25 29 45 29 a6 49 b2 94
1852,97.838633,OUT,9,0x0,0,
1853,97.838734,OUT,9,0x0,6,32 8f 83 5d 09 c5
1854,97.838928,OUT,9,0x0,0,
1855,97.838965,OUT,9,0x0,504,25 29 66 31 46 31 d3 9c 76 ad 75 ad 75 ad 75 ad 75 ad 04 21 25 29 05 21 25 21 25 29 45 29 65 29
1856,97.841868,OUT,9,0x0,0,
1857,97.841970,OUT,9,0x0,6,40 0f 84 35 09 c5
1858,97.842155,OUT,9,0x0,0,
1859,97.842184,OUT,9,0x0,504,04 21 e4 20 6e 73 75 ad 75 ad 75 ad 75 ad 75 ad 75 ad 75 ad b3 94 c4 18 05 29 11 8c e4 20 b3 94
1860,97.845044,OUT,9,0x0,0,
1861,97.845133,OUT,9,0x0,6,43 8f 84 6d 09 c5
1862,97.845352,OUT,9,0x0,0,
1863,97.845431,OUT,9,0x0,504,14 ad 30 84 75 ad 75 ad 75 ad 75 ad 75 ad 75 ad 75 ad 75 ad 75 ad 75 ad e4 20 04 21 ec 62 75 ad
1864,97.848371,OUT,9,0x0,0,
1865,97.848456,OUT,9,0x0,6,12 c3 d1 80 58 c5
1866,97.848677,OUT,9,0x0,0,
1867,97.848707,OUT,9,0x0,1232,ff ff ff ff ff ff ff ff ff ff ff ff ff ff ff ff ff ff ff ff fb d6 d4 84 d4 84 d4 84 d4 84 d4 84
1868,97.856338,OUT,9,0x0,0,
1869,97.856581,OUT,9,0x0,6,43 81 f4 6c 30 c5
1870,97.856634,OUT,9,0x0,0,
1871,97.856699,OUT,9,0x0,504,82 18 75 ad 75 ad 75 ad 75 ad 75 ad 75 ad 75 ad 75 ad 75 ad 75 ad 75 ad ef 7b 82 18 82 18 ff ff
1872,97.859446,OUT,9,0x0,0,
1873,97.859543,OUT,9,0x0,6,0c 4a 30 f8 b4 c5
1874,97.859723,OUT,9,0x0,0,
1875,97.859813,OUT,9,0x0,504,04 21 04 21 ef 7b 75 ad 75 ad 75 ad 75 ad 75 ad 75 ad 75 ad d3 9c 04 21 04 21 04 21 04 21 d7 bd
1876,97.862647,OUT,9,0x0,0,
1877,97.862729,OUT,9,0x0,6,0f ca 31 30 b4 c5
1878,97.862929,OUT,9,0x0,0,
1879,97.862994,OUT,9,0x0,504,04 21 04 21 eb 5a 75 ad 75 ad 75 ad 75 ad 75 ad 75 ad 75 ad d3 9c 28 42 04 21 04 21 04 21 71 8c
1880,97.865873,OUT,9,0x0,0,
1881,97.866081,OUT,9,0x0,6,27 04 63 c4 52 c5
1882,97.866184,OUT,9,0x0,0,
1883,97.866226,OUT,9,0x0,2236,58 9e 58 9e 58 9e 58 9e 58 9e 58 9e 58 9e 58 9e 58 9e 58 9e 58 9e 58 9e 58 9e 58 9e 58 9e 58 9e
1884,97.879051,OUT,9,0x0,0,
1885,97.879300,OUT,9,0x0,6,2f d1 b4 bd 27 c5
1886,97.879350,OUT,9,0x0,0,
1887,97.879417,OUT,9,0x0,2938,a5 20 84 20 84 18 a5 20 a5 18 a5 18 a4 18 a4 18 84 18 84 18 83 18 83 18 83 10 83 10 63 10 62 10
1888,97.896451,OUT,9,0x0,0,
1889,98.874196,OUT,9,0x0,6,40 0f 84 35 09 c5
1890,98.874590,OUT,9,0x0,0,
1891,98.874681,OUT,9,0x0,504,04 21 e4 20 e4 20 b3 9c 75 ad 75 ad 75 ad 75 ad 75 ad 04 19 e4 18 c4 18 05 29 11 8c e4 20 e4 18
1892,98.877447,OUT,9,0x0,0,
1893,98.877556,OUT,9,0x0,6,43 8f 84 6d 09 c5
1894,98.877739,OUT,9,0x0,0,
1895,98.877806,OUT,9,0x0,504,14 ad c8 41 ef 7b 75 ad 75 ad 75 ad 75 ad 75 ad 75 ad 75 ad 14 a5 28 42 e4 20 04 21 ec 62 d7 bd
1896,98.880647,OUT,9,0x0,0,
1897,98.880737,OUT,9,0x0,6,12 c3 d1 80 58 c5
1898,98.880934,OUT,9,0x0,0,
1899,98.881001,OUT,9,0x0,1232,ff ff ff ff ff ff fb d6 76 9d d4 84 d4 84 d4 84 d4 84 d4 84 d4 84 d4 84 d4 84 d4 84 d4 84 d4 84
1900,98.888418,OUT,9,0x0,0,
1901,98.888624,OUT,9,0x0,6,43 81 f4 6c 30 c5
1902,98.888679,OUT,9,0x0,0,
1903,98.888709,OUT,9,0x0,504,82 18 82 18 ef 7b 75 ad 75 ad 75 ad 75 ad 75 ad 75 ad 75 ad b2 94 82 18 82 18 82 18 82 18 d7 bd
1904,98.891537,OUT,9,0x0,0,
1905,98.891596,OUT,9,0x0,6,0f ca 31 30 b4 c5
1906,98.891846,OUT,9,0x0,0,
1907,98.891883,OUT,9,0x0,504,04 21 04 21 6e 73 75 ad 75 ad 75 ad 75 ad 75 ad 75 ad 75 ad d3 9c 04 21 04 21 04 21 04 21 d3 9c
1908,98.894644,OUT,9,0x0,0,
1909,98.894761,OUT,9,0x0,6,3c 44 64 c4 52 c5
1910,98.894927,OUT,9,0x0,0,
1911,98.894966,OUT,9,0x0,1690,05 21 05 21 05 21 05 21 05 21 05 21 05 21 05 21 05 21 05 21 05 21 05 21 05 21 05 21 05 21 05 21
1912,98.904815,OUT,9,0x0,0,
1913,98.905035,OUT,9,0x0,6,2d 91 b4 bd 27 c5
1914,98.905084,OUT,9,0x0,0,
1915,98.905140,OUT,9,0x0,3172,63 18 84 18 a4 20 a4 20 a5 28 a5 28 a5 20 a5 20 c5 20 a5 20 84 20 84 18 a5 20 a5 18 a5 18 a4 18
1916,98.923611,OUT,9,0x0,0,
1917,99.840444,OUT,9,0x0,6,2b 8f 82 ed 09 c5
1918,99.840824,OUT,9,0x0,0,
1919,99.840877,OUT,9,0x0,504,c7 49 75 ad 75 ad 75 ad 75 ad 75 ad 75 ad 75 ad 76 b5 96 b5 75 ad 75 ad 10 84 45 29 a6 49 ff ff
1920,99.843640,OUT,9,0x0,0,
1921,99.843695,OUT,9,0x0,6,2f 0f 83 25 09 c5
1922,99.843929,OUT,9,0x0,0,
1923,99.843964,OUT,9,0x0,504,25 29 75 ad 75 ad 96 b5 76 b5 75 ad 76 b5 75 ad 75 ad 75 ad 76 ad 75 ad f0 7b 04 21 45 29 ff ff
1924,99.846871,OUT,9,0x0,0,
1925,99.846949,OUT,9,0x0,6,32 8f 83 5d 09 c5
1926,99.847176,OUT,9,0x0,0,
1927,99.847217,OUT,9,0x0,504,25 29 66 31 8e 73 76 b5 76 ad 75 ad 75 ad 75 ad 75 ad 75 ad d3 9c 05 21 25 21 25 29 45 29 d3 9c
1928,99.850046,OUT,9,0x0,0,
1929,99.850101,OUT,9,0x0,6,43 8f 84 6d 09 c5
1930,99.850353,OUT,9,0x0,0,
1931,99.850425,OUT,9,0x0,504,14 ad c8 41 ef 7b 75 ad 75 ad 75 ad 75 ad 75 ad 75 ad 75 ad d3 9c e4 20 e4 20 04 21 ec 62 d7 bd
1932,99.853377,OUT,9,0x0,0,
1933,99.853562,OUT,9,0x0,6,0c 4a 30 f8 b4 c5
1934,99.853670,OUT,9,0x0,0,
1935,99.853735,OUT,9,0x0,504,04 21 ef 7b 75 ad 75 ad 75 ad 75 ad 75 ad 75 ad 75 ad 75 ad 75 ad 75 ad 04 21 04 21 04 21 75 ad
1936,99.856633,OUT,9,0x0,0,
1937,99.856682,OUT,9,0x0,6,0f ca 31 30 b4 c5
1938,99.856928,OUT,9,0x0,0,
1939,99.856956,OUT,9,0x0,504,04 21 04 21 ef 7b 75 ad 75 ad 75 ad 75 ad 75 ad 75 ad 75 ad 14 a5 28 42 04 21 04 21 04 21 d7 bd
1940,99.859794,OUT,9,0x0,0,
1941,99.859907,OUT,9,0x0,6,3c 04 64 c4 52 c5
1942,99.860091,OUT,9,0x0,0,
1943,99.860172,OUT,9,0x0,1716,05 21 05 21 05 21 05 21 05 21 05 21 05 21 05 21 05 21 05 21 05 21 05 21 05 21 05 21 05 21 05 21
1944,99.870046,OUT,9,0x0,0,
1945,99.870300,OUT,9,0x0,6,2c 91 b4 bd 27 c5
1946,99.870349,OUT,9,0x0,0,
1947,99.870415,OUT,9,0x0,3276,21 08 42 10 63 18 83 18 63 18 84 18 a4 20 a4 20 a5 28 a5 28 a5 20 a5 20 c5 20 a5 20 84 20 84 18
1948,99.889592,OUT,9,0x0,0,
1949,100.881675,OUT,9,0x0,6,2f 0f 83 25 09 c5
1950,100.882045,OUT,9,0x0,0,
1951,100.882136,OUT,9,0x0,504,25 29 c4 20 10 84 96 b5 76 b5 75 ad 76 b5 75 ad 75 ad 75 ad 34 a5 ec 62 05 21 04 21 45 29 d7 bd
1952,100.885051,OUT,9,0x0,0,
1953,100.885113,OUT,9,0x0,6,32 8f 83 5d 09 c5
1954,100.885334,OUT,9,0x0,0,
1955,100.885404,OUT,9,0x0,504,25 29 66 31 46 31 46 31 46 29 05 21 49 4a 75 ad 75 ad 75 ad ec 62 05 21 25 21 25 29 45 29 65 29
1956,100.888303,OUT,9,0x0,0,
1957,100.888415,OUT,9,0x0,6,12 c3 d1 80 58 c5
1958,100.888599,OUT,9,0x0,0,
1959,100.888636,OUT,9,0x0,1232,ff ff ff ff ff ff ff ff ff ff ff ff ff ff ff ff ff ff ff ff fb d6 d4 84 d4 84 d4 84 d4 84 d4 84
1960,100.896250,OUT,9,0x0,0,
1961,100.896477,OUT,9,0x0,6,43 81 f4 6c 30 c5
1962,100.896524,OUT,9,0x0,0,
1963,100.896581,OUT,9,0x0,504,82 18 75 ad 75 ad 75 ad 75 ad 75 ad 75 ad 75 ad 75 ad 75 ad 75 ad 75 ad ef 7b 82 18 82 18 ff ff
1964,100.899448,OUT,9,0x0,0,
1965,100.899533,OUT,9,0x0,6,27 04 63 c0 52 c5
1966,100.899746,OUT,9,0x0,0,
1967,100.899776,OUT,9,0x0,2210,58 9e 58 9e 58 9e 58 9e 58 9e 58 9e 58 9e 58 9e 58 9e 58 9e 58 9e 58 9e 58 9e 58 9e 58 9e 58 9e
1968,100.912624,OUT,9,0x0,0,
1969,100.912875,OUT,9,0x0,6,2c 91 b4 bd 27 c5
1970,100.912934,OUT,9,0x0,0,
1971,100.912995,OUT,9,0x0,3276,21 08 42 10 63 18 83 18 63 18 84 18 a4 20 a4 20 a5 28 a5 28 a5 20 a5 20 c5 20 a5 20 84 20 84 18
1972,100.932157,OUT,9,0x0,0,
1973,101.884114,OUT,9,0x0,6,2b 8f 82 ed 09 c5
1974,101.884500,OUT,9,0x0,0,
1975,101.884582,OUT,9,0x0,504,c7 49 25 29 ef 7b 75 ad 75 ad 75 ad 75 ad 75 ad 76 b5 96 b5 75 ad ec 62 25 29 45 29 a6 49 b2 94
1976,101.887377,OUT,9,0x0,0,
1977,101.887448,OUT,9,0x0,6,32 8f 83 5d 09 c5
1978,101.887667,OUT,9,0x0,0,
1979,101.887712,OUT,9,0x0,504,25 29 66 31 8e 73 76 b5 76 ad 75 ad 75 ad 75 ad 75 ad 75 ad d3 9c 05 21 25 21 25 29 45 29 d3 9c
1980,101.890538,OUT,9,0x0,0,
1981,101.890629,OUT,9,0x0,6,40 0f 84 35 09 c5
1982,101.890847,OUT,9,0x0,0,
1983,101.890914,OUT,9,0x0,504,04 21 e4 20 6e 73 75 ad 75 ad 75 ad 75 ad 75 ad 75 ad 75 ad b3 94 c4 18 05 29 11 8c e4 20 b3 94
1984,101.893790,OUT,9,0x0,0,
1985,101.893886,OUT,9,0x0,6,43 8f 84 6d 09 c5
1986,101.894070,OUT,9,0x0,0,
1987,101.894132,OUT,9,0x0,504,14 ad 30 84 75 ad 75 ad 75 ad 75 ad 75 ad 75 ad 75 ad 75 ad 75 ad 75 ad e4 20 04 21 ec 62 75 ad
1988,101.896969,OUT,9,0x0,0,
1989,101.897070,OUT,9,0x0,6,12 c3 d1 80 58 c5
1990,101.897253,OUT,9,0x0,0,
1991,101.897315,OUT,9,0x0,1232,ff ff ff ff ff ff fb d6 76 9d d4 84 d4 84 d4 84 d4 84 d4 84 d4 84 d4 84 d4 84 d4 84 d4 84 d4 84
1992,101.904946,OUT,9,0x0,0,
1993,101.905184,OUT,9,0x0,6,0f ca 31 30 b4 c5
1994,101.905232,OUT,9,0x0,0,
1995,101.905305,OUT,9,0x0,504,04 21 ef 7b 75 ad 75 ad 75 ad 75 ad 75 ad 75 ad 75 ad 75 ad 75 ad 75 ad 04 21 04 21 04 21 75 ad
1996,101.908128,OUT,9,0x0,0,
1997,101.908238,OUT,9,0x0,6,2f d1 b4 bd 27 c5
1998,101.908411,OUT,9,0x0,0,
1999,101.908482,OUT,9,0x0,2938,a5 20 84 20 84 18 a5 20 a5 18 a5 18 a4 18 a4 18 84 18 84 18 83 18 83 18 83 10 83 10 63 10 62 10
2000,101.925457,OUT,9,0x0,0,
2001,102.894906,OUT,9,0x0,6,32 8f 83 5d 09 c5
2002,102.895302,OUT,9,0x0,0,
2003,102.895446,OUT,9,0x0,504,25 29 66 31 46 31 d3 9c 76 ad 75 ad 75 ad 75 ad 75 ad 04 21 25 29 05 21 25 21 25 29 45 29 65 29
2004,102.898366,OUT,9,0x0,0,
2005,102.898424,OUT,9,0x0,6,40 0f 84 35 09 c5
2006,102.898673,OUT,9,0x0,0,
2007,102.898723,OUT,9,0x0,504,04 21 e4 20 e4 20 b3 9c 75 ad 75 ad 75 ad 75 ad 75 ad 04 19 e4 18 c4 18 05 29 11 8c e4 20 e4 18
2008,102.901529,OUT,9,0x0,0,
2009,102.901582,OUT,9,0x0,6,43 8f 84 6d 09 c5
2010,102.901832,OUT,9,0x0,0,
2011,102.901901,OUT,9,0x0,504,14 ad c8 41 ef 7b 75 ad 75 ad 75 ad 75 ad 75 ad 75 ad 75 ad 14 a5 28 42 e4 20 04 21 ec 62 d7 bd
2012,102.904651,OUT,9,0x0,0,
2013,102.904720,OUT,9,0x0,6,12 c3 d1 80 58 c5
2014,102.904932,OUT,9,0x0,0,
2015,102.904962,OUT,9,0x0,1232,ff ff ff ff ff ff ff ff ff ff ff ff ff ff ff ff ff ff ff ff fb d6 d4 84 d4 84 d4 84 d4 84 d4 84
2016,102.912430,OUT,9,0x0,0,
2017,102.912624,OUT,9,0x0,6,43 81 f4 6c 30 c5
2018,102.912671,OUT,9,0x0,0,
2019,102.912698,OUT,9,0x0,504,82 18 82 18 ef 7b 75 ad 75 ad 75 ad 75 ad 75 ad 75 ad 75 ad b2 94 82 18 82 18 82 18 82 18 d7 bd
2020,102.915457,OUT,9,0x0,0,
2021,102.915528,OUT,9,0x0,6,0f ca 31 30 b4 c5
2022,102.915747,OUT,9,0x0,0,
2023,102.915791,OUT,9,0x0,504,04 21 75 ad 75 ad 75 ad 75 ad 75 ad 75 ad 75 ad 75 ad 75 ad 75 ad 75 ad ef 7b 04 21 04 21 ff ff
2024,102.918615,OUT,9,0x0,0,
2025,102.918687,OUT,9,0x0,6,2d 91 b4 bd 27 c5
2026,102.918931,OUT,9,0x0,0,
2027,102.918959,OUT,9,0x0,3172,63 18 84 18 a4 20 a4 20 a5 28 a5 28 a5 20 a5 20 c5 20 a5 20 84 20 84 18 a5 20 a5 18 a5 18 a4 18
2028,102.937447,OUT,9,0x0,0,
2029,103.942396,OUT,9,0x0,6,2b 8f 82 ed 09 c5
2030,103.942790,OUT,9,0x0,0,
2031,103.942874,OUT,9,0x0,504,c7 49 75 ad 75 ad 75 ad 75 ad 75 ad 75 ad 75 ad 76 b5 96 b5 75 ad 75 ad 10 84 45 29 a6 49 ff ff
2032,103.945792,OUT,9,0x0,0,
2033,103.945888,OUT,9,0x0,6,2f 0f 83 25 09 c5
2034,103.946071,OUT,9,0x0,0,
2035,103.946134,OUT,9,0x0,504,25 29 75 ad 75 ad 96 b5 76 b5 75 ad 76 b5 75 ad 75 ad 75 ad 76 ad 75 ad f0 7b 04 21 45 29 ff ff
2036,103.948969,OUT,9,0x0,0,
2037,103.949054,OUT,9,0x0,6,32 8f 83 5d 09 c5
2038,103.949267,OUT,9,0x0,0,
2039,103.949324,OUT,9,0x0,504,25 29 66 31 8e 73 76 b5 76 ad 75 ad 75 ad 75 ad 75 ad 75 ad d3 9c 05 21 25 21 25 29 45 29 d3 9c
2040,103.952234,OUT,9,0x0,0,
2041,103.952311,OUT,9,0x0,6,43 8f 84 6d 09 c5
2042,103.952527,OUT,9,0x0,0,
2043,103.952556,OUT,9,0x0,504,14 ad c8 41 ef 7b 75 ad 75 ad 75 ad 75 ad 75 ad 75 ad 75 ad d3 9c e4 20 e4 20 04 21 ec 62 d7 bd
2044,103.955375,OUT,9,0x0,0,
2045,103.955430,OUT,9,0x0,6,0f ca 31 30 b4 c5
2046,103.955681,OUT,9,0x0,0,
2047,103.955708,OUT,9,0x0,504,04 21 04 21 ef 7b 75 ad 75 ad 75 ad 75 ad 75 ad 75 ad 75 ad 75 ad eb 5a 04 21 04 21 04 21 d3 9c
2048,103.958459,OUT,9,0x0,0,
2049,103.958560,OUT,9,0x0,6,3c 04 64 c4 52 c5
2050,103.958739,OUT,9,0x0,0,
2051,103.958769,OUT,9,0x0,1716,05 21 05 21 05 21 05 21 05 21 05 21 05 21 05 21 05 21 05 21 05 21 05 21 05 21 05 21 05 21 05 21
2052,103.968515,OUT,9,0x0,0,
2053,103.968724,OUT,9,0x0,6,2c 91 b4 bd 27 c5
2054,103.968773,OUT,9,0x0,0,
2055,103.968805,OUT,9,0x0,3276,21 08 42 10 63 18 83 18 63 18 84 18 a4 20 a4 20 a5 28 a5 28 a5 20 a5 20 c5 20 a5 20 84 20 84 18
2056,103.987990,OUT,9,0x0,0,
2057,104.952502,OUT,9,0x0,6,2f 0f 83 25 09 c5
2058,104.952889,OUT,9,0x0,0,
2059,104.953004,OUT,9,0x0,504,25 29 c4 20 10 84 96 b5 76 b5 75 ad 76 b5 75 ad 75 ad 75 ad 34 a5 29 4a 05 21 04 21 45 29 d7 bd
2060,104.955880,OUT,9,0x0,0,
2061,104.956017,OUT,9,0x0,6,32 8f 83 5d 09 c5
2062,104.956162,OUT,9,0x0,0,
2063,104.956264,OUT,9,0x0,504,25 29 66 31 10 84 76 b5 76 ad 75 ad 75 ad 75 ad 75 ad 75 ad 75 ad ec 5a 25 21 25 29 45 29 d3 9c
2064,104.959210,OUT,9,0x0,0,
2065,104.959320,OUT,9,0x0,6,43 8f 84 6d 09 c5
2066,104.959506,OUT,9,0x0,0,
2067,104.959574,OUT,9,0x0,504,14 ad 30 84 75 ad 75 ad 75 ad 75 ad 75 ad 75 ad 75 ad 75 ad 75 ad 75 ad e4 20 04 21 ec 62 75 ad
2068,104.962459,OUT,9,0x0,0,
2069,104.962545,OUT,9,0x0,6,43 81 f4 6c 30 c5
2070,104.962763,OUT,9,0x0,0,
2071,104.962821,OUT,9,0x0,504,82 18 75 ad 75 ad 75 ad 75 ad 75 ad 75 ad 75 ad 75 ad 75 ad 75 ad 75 ad ef 7b 82 18 82 18 ff ff
2072,104.965641,OUT,9,0x0,0,
2073,104.965717,OUT,9,0x0,6,0c 4a 30 f8 b4 c5
2074,104.965933,OUT,9,0x0,0,
2075,104.965987,OUT,9,0x0,504,04 21 04 21 ef 7b 75 ad 75 ad 75 ad 75 ad 75 ad 75 ad 75 ad d3 9c 04 21 04 21 04 21 04 21 d7 bd
2076,104.968772,OUT,9,0x0,0,
2077,104.968858,OUT,9,0x0,6,0f ca 31 30 b4 c5
2078,104.969072,OUT,9,0x0,0,
2079,104.969138,OUT,9,0x0,504,04 21 04 21 ef 7b 75 ad 75 ad 75 ad 75 ad 75 ad 75 ad 75 ad 14 a5 eb 5a 04 21 04 21 04 21 d7 bd
2080,104.972057,OUT,9,0x0,0,
2081,104.972346,OUT,9,0x0,6,27 04 63 c4 52 c5
2082,104.972392,OUT,9,0x0,0,
2083,104.972429,OUT,9,0x0,2236,58 9e 58 9e 58 9e 58 9e 58 9e 58 9e 58 9e 58 9e 58 9e 58 9e 58 9e 58 9e 58 9e 58 9e 58 9e 58 9e
2084,104.985381,OUT,9,0x0,0,
2085,104.985620,OUT,9,0x0,6,2c 11 b4 bd 27 c5
2086,104.985729,OUT,9,0x0,0,
2087,104.985796,OUT,9,0x0,3328,82 10 42 08 21 08 42 10 63 18 83 18 63 18 84 18 a4 20 a4 20 a5 28 a5 28 a5 20 a5 20 c5 20 a5 20
2088,105.005063,OUT,9,0x0,0,
2089,105.958317,OUT,9,0x0,6,2b 8f 82 ed 09 c5
2090,105.958708,OUT,9,0x0,0,
2091,105.958782,OUT,9,0x0,504,c7 49 25 29 ef 7b 75 ad 75 ad 75 ad 75 ad 75 ad 76 b5 96 b5 75 ad ec 62 25 29 45 29 a6 49 b2 94
2092,105.961641,OUT,9,0x0,0,
2093,105.961717,OUT,9,0x0,6,2f 0f 83 25 09 c5
2094,105.961934,OUT,9,0x0,0,
2095,105.961987,OUT,9,0x0,504,25 29 c4 20 10 84 96 b5 76 b5 75 ad 76 b5 75 ad 75 ad 75 ad 34 a5 ec 62 05 21 04 21 45 29 d7 bd
2096,105.964779,OUT,9,0x0,0,
2097,105.964885,OUT,9,0x0,6,32 8f 83 5d 09 c5
2098,105.965074,OUT,9,0x0,0,
2099,105.965129,OUT,9,0x0,504,25 29 66 31 8e 73 76 b5 76 ad 75 ad 75 ad 75 ad 75 ad 75 ad d3 9c 05 21 25 21 25 29 45 29 d3 9c
2100,105.967973,OUT,9,0x0,0,
2101,105.968072,OUT,9,0x0,6,40 0f 84 35 09 c5
2102,105.968253,OUT,9,0x0,0,
2103,105.968331,OUT,9,0x0,504,04 21 e4 20 6e 73 75 ad 75 ad 75 ad 75 ad 75 ad 75 ad 75 ad b3 94 c4 18 05 29 11 8c e4 20 b3 94
2104,105.971237,OUT,9,0x0,0,
2105,105.971360,OUT,9,0x0,6,43 8f 84 6d 09 c5
2106,105.971540,OUT,9,0x0,0,
2107,105.971586,OUT,9,0x0,504,14 ad c8 41 ef 7b 75 ad 75 ad 75 ad 75 ad 75 ad 75 ad 75 ad 14 a5 eb 5a e4 20 04 21 ec 62 d7 bd
2108,105.974378,OUT,9,0x0,0,
2109,105.974431,OUT,9,0x0,6,12 c3 d1 80 58 c5
2110,105.974683,OUT,9,0x0,0,
2111,105.974747,OUT,9,0x0,1232,ff ff ff ff ff ff fb d6 76 9d d4 84 d4 84 d4 84 d4 84 d4 84 d4 84 d4 84 d4 84 d4 84 d4 84 d4 84
2112,105.982341,OUT,9,0x0,0,
2113,105.982553,OUT,9,0x0,6,43 81 f4 6c 30 c5
2114,105.982598,OUT,9,0x0,0,
2115,105.982659,OUT,9,0x0,504,82 18 82 18 ef 7b 75 ad 75 ad 75 ad 75 ad 75 ad 75 ad 75 ad b2 94 82 18 82 18 82 18 82 18 d7 bd
2116,105.985464,OUT,9,0x0,0,
2117,105.985588,OUT,9,0x0,6,3c 04 64 c4 52 c5
2118,105.985768,OUT,9,0x0,0,
2119,105.985834,OUT,9,0x0,1716,05 21 05 21 05 21 05 21 05 21 05 21 05 21 05 21 05 21 05 21 05 21 05 21 05 21 05 21 05 21 05 21
2120,105.995851,OUT,9,0x0,0,
2121,105.996068,OUT,9,0x0,6,2e 11 b4 bd 27 c5
2122,105.996117,OUT,9,0x0,0,
2123,105.996144,OUT,9,0x0,3120,a4 20 a4 20 a5 28 a5 28 a5 20 a5 20 c5 20 a5 20 84 20 84 18 a5 20 a5 18 a5 18 a4 18 a4 18 84 18
2124,106.014194,OUT,9,0x0,0,
2125,106.992922,OUT,9,0x0,6,40 0f 84 35 09 c5
2126,106.993315,OUT,9,0x0,0,
2127,106.993398,OUT,9,0x0,504,04 21 e4 20 e4 20 b3 9c 75 ad 75 ad 75 ad 75 ad 75 ad 04 19 e4 18 c4 18 05 29 11 8c e4 20 e4 18
2128,106.996233,OUT,9,0x0,0,
2129,106.996294,OUT,9,0x0,6,43 8f 84 6d 09 c5
2130,106.996508,OUT,9,0x0,0,
2131,106.996537,OUT,9,0x0,504,14 ad c8 41 ef 7b 75 ad 75 ad 75 ad 75 ad 75 ad 75 ad 75 ad 14 a5 28 42 e4 20 04 21 ec 62 d7 bd
2132,106.999379,OUT,9,0x0,0,
2133,106.999460,OUT,9,0x0,6,12 c3 d1 80 58 c5
2134,106.999677,OUT,9,0x0,0,
2135,106.999709,OUT,9,0x0,1232,ff ff ff ff ff ff ff ff ff ff ff ff ff ff ff ff ff ff ff ff fb d6 d4 84 d4 84 d4 84 d4 84 d4 84
2136,107.007345,OUT,9,0x0,0,
2137,107.007549,OUT,9,0x0,6,43 81 f4 6c 30 c5
2138,107.007598,OUT,9,0x0,0,
2139,107.007625,OUT,9,0x0,504,82 18 75 ad 75 ad 75 ad 75 ad 75 ad 75 ad 75 ad 75 ad 75 ad 75 ad 75 ad ef 7b 82 18 82 18 ff ff
2140,107.010455,OUT,9,0x0,0,
2141,107.010530,OUT,9,0x0,6,0c 4a 30 f8 b4 c5
2142,107.010746,OUT,9,0x0,0,
2143,107.010774,OUT,9,0x0,504,04 21 ef 7b 75 ad 75 ad 75 ad 75 ad 75 ad 75 ad 75 ad 75 ad 75 ad 75 ad 04 21 04 21 04 21 75 ad
2144,107.013545,OUT,9,0x0,0,
2145,107.013621,OUT,9,0x0,6,0f ca 31 30 b4 c5
2146,107.013837,OUT,9,0x0,0,
2147,107.013869,OUT,9,0x0,504,04 21 04 21 ef 7b 75 ad 75 ad 75 ad 75 ad 75 ad 75 ad 75 ad 75 ad eb 5a 04 21 04 21 04 21 d3 9c
2148,107.016778,OUT,9,0x0,0,
2149,107.017025,OUT,9,0x0,6,27 04 63 c4 52 c5
2150,107.017071,OUT,9,0x0,0,
2151,107.017111,OUT,9,0x0,2236,58 9e 58 9e 58 9e 58 9e 58 9e 58 9e 58 9e 58 9e 58 9e 58 9e 58 9e 58 9e 58 9e 58 9e 58 9e 58 9e
2152,107.029983,OUT,9,0x0,0,
2153,107.030194,OUT,9,0x0,6,2d 91 b4 bd 27 c5
2154,107.030303,OUT,9,0x0,0,
2155,107.030333,OUT,9,0x0,3172,63 18 84 18 a4 20 a4 20 a5 28 a5 28 a5 20 a5 20 c5 20 a5 20 84 20 84 18 a5 20 a5 18 a5 18 a4 18
2156,107.048869,OUT,9,0x0,0,
2157,107.992490,OUT,9,0x0,6,2b 8f 82 ed 09 c5
2158,107.992875,OUT,9,0x0,0,
2159,107.992925,OUT,9,0x0,504,c7 49 75 ad 75 ad 75 ad 75 ad 75 ad 75 ad 75 ad 76 b5 96 b5 75 ad 75 ad 10 84 45 29 a6 49 ff ff
2160,107.995647,OUT,9,0x0,0,
2161,107.995721,OUT,9,0x0,6,2f 0f 83 25 09 c5
2162,107.995936,OUT,9,0x0,0,
2163,107.995965,OUT,9,0x0,504,25 29 c4 20 10 84 96 b5 76 b5 75 ad 76 b5 75 ad 75 ad 75 ad 34 a5 29 4a 05 21 04 21 45 29 d7 bd
2164,107.998882,OUT,9,0x0,0,
2165,107.998939,OUT,9,0x0,6,32 8f 83 5d 09 c5
2166,107.999194,OUT,9,0x0,0,
2167,107.999231,OUT,9,0x0,504,25 29 76 b5 76 b5 76 b5 76 ad 75 ad 75 ad 75 ad 75 ad 75 ad 75 ad 75 ad 10 7c 25 29 45 29 ff ff
2168,108.002129,OUT,9,0x0,0,
2169,108.002277,OUT,9,0x0,6,40 0f 84 35 09 c5
2170,108.002421,OUT,9,0x0,0,
2171,108.002461,OUT,9,0x0,504,04 21 e4 20 6e 73 75 ad 75 ad 75 ad 75 ad 75 ad 75 ad 75 ad b3 94 c4 18 05 29 11 8c e4 20 b3 94
2172,108.005374,OUT,9,0x0,0,
2173,108.005440,OUT,9,0x0,6,43 8f 84 6d 09 c5
2174,108.005658,OUT,9,0x0,0,
2175,108.005696,OUT,9,0x0,504,14 ad c8 41 ef 7b 75 ad 75 ad 75 ad 75 ad 75 ad 75 ad 75 ad 14 a5 eb 5a e4 20 04 21 ec 62 d7 bd
2176,108.008551,OUT,9,0x0,0,
2177,108.010407,OUT,9,0x0,6,12 c3 d1 80 58 c5
2178,108.010453,OUT,9,0x0,0,
2179,108.010494,OUT,9,0x0,1232,ff ff d4 84 d4 84 d4 84 d4 84 d4 84 d4 84 d4 84 d4 84 d4 84 d4 84 d4 84 d4 84 d4 84 d4 84 d4 84
2180,108.018162,OUT,9,0x0,0,
2181,108.018386,OUT,9,0x0,6,43 81 f4 6c 30 c5
2182,108.018435,OUT,9,0x0,0,
2183,108.018465,OUT,9,0x0,504,82 18 82 18 ef 7b 75 ad 75 ad 75 ad 75 ad 75 ad 75 ad 75 ad 75 ad cb 5a 82 18 82 18 82 18 b2 94
2184,108.021372,OUT,9,0x0,0,
2185,108.021473,OUT,9,0x0,6,27 04 63 c8 52 c5
2186,108.021650,OUT,9,0x0,0,
2187,108.021680,OUT,9,0x0,2262,58 9e 58 9e 58 9e 58 9e 58 9e 58 9e 58 9e 58 9e 58 9e 58 9e 58 9e 58 9e 58 9e 58 9e 58 9e 58 9e
2188,108.035011,OUT,9,0x0,0,
2189,108.035249,OUT,9,0x0,6,2e 11 b4 bd 27 c5
2190,108.035302,OUT,9,0x0,0,
2191,108.035359,OUT,9,0x0,3120,a4 20 a4 20 a5 28 a5 28 a5 20 a5 20 c5 20 a5 20 84 20 84 18 a5 20 a5 18 a5 18 a4 18 a4 18 84 18
2192,108.053427,OUT,9,0x0,0,
2193,109.000163,OUT,9,0x0,6,43 8f 84 6d 09 c5
2194,109.000544,OUT,9,0x0,0,
2195,109.000599,OUT,9,0x0,504,14 ad c8 41 e4 18 25 21 05 21 25 21 28 42 75 ad 75 ad 75 ad ec 5a e4 20 e4 20 04 21 ec 62 05 21
2196,109.003453,OUT,9,0x0,0,
2197,109.003541,OUT,9,0x0,6,12 c3 d1 80 58 c5
2198,109.003761,OUT,9,0x0,0,
2199,109.003824,OUT,9,0x0,1232,ff ff ff ff ff ff fb d6 76 9d d4 84 d4 84 d4 84 d4 84 d4 84 d4 84 d4 84 d4 84 d4 84 d4 84 d4 84
2200,109.011342,OUT,9,0x0,0,
2201,109.011542,OUT,9,0x0,6,43 81 f4 6c 30 c5
2202,109.011591,OUT,9,0x0,0,
2203,109.011623,OUT,9,0x0,504,82 18 75 ad 75 ad 75 ad 75 ad 75 ad 75 ad 75 ad 75 ad 75 ad 75 ad 75 ad ef 7b 82 18 82 18 ff ff
2204,109.014456,OUT,9,0x0,0,
2205,109.016193,OUT,9,0x0,6,0c 4a 30 f8 b4 c5
2206,109.016239,OUT,9,0x0,0,
2207,109.016309,OUT,9,0x0,504,04 21 04 21 04 21 04 21 04 21 04 21 28 42 75 ad 75 ad 75 ad eb 5a 04 21 04 21 04 21 04 21 04 21
2208,109.019128,OUT,9,0x0,0,
2209,109.019197,OUT,9,0x0,6,0f ca 31 30 b4 c5
2210,109.019415,OUT,9,0x0,0,
2211,109.019446,OUT,9,0x0,504,04 21 04 21 ef 7b 75 ad 75 ad 75 ad 75 ad 75 ad 75 ad 75 ad 14 a5 eb 5a 04 21 04 21 04 21 d7 bd
2212,109.022382,OUT,9,0x0,0,
2213,109.022502,OUT,9,0x0,6,3c 84 64 c4 52 c5
2214,109.022686,OUT,9,0x0,0,
2215,109.022747,OUT,9,0x0,1664,05 21 05 21 05 21 05 21 05 21 05 21 05 21 05 21 05 21 05 21 05 21 05 21 05 21 05 21 05 21 05 21
2216,109.032259,OUT,9,0x0,0,
2217,109.032498,OUT,9,0x0,6,26 91 b2 f5 27 c5
2218,109.032605,OUT,9,0x0,0,
2219,109.032723,OUT,9,0x0,936,58 9e 58 9e 58 9e 58 9e 58 9e 58 9e 58 9e 58 9e 58 9e 58 9e 58 9e 58 9e 58 9e 58 9e 58 9e 58 9e
2220,109.038100,OUT,9,0x0,0,
2221,110.033623,OUT,9,0x0,6,2b 8f 82 ed 09 c5
2222,110.034043,OUT,9,0x0,0,
2223,110.034098,OUT,9,0x0,504,c7 49 25 29 ef 7b 75 ad 75 ad 75 ad 75 ad 75 ad 76 b5 96 b5 75 ad ec 62 25 29 45 29 a6 49 b2 94
2224,110.036984,OUT,9,0x0,0,
2225,110.037062,OUT,9,0x0,6,2f 0f 83 25 09 c5
2226,110.037287,OUT,9,0x0,0,
2227,110.037314,OUT,9,0x0,504,25 29 c4 20 10 84 96 b5 76 b5 75 ad 76 b5 75 ad 75 ad 75 ad 34 a5 ec 62 05 21 04 21 45 29 d7 bd
2228,110.040221,OUT,9,0x0,0,
2229,110.040305,OUT,9,0x0,6,32 8f 83 5d 09 c5
2230,110.040493,OUT,9,0x0,0,
2231,110.040538,OUT,9,0x0,504,25 29 66 31 8e 73 76 b5 76 ad 75 ad 75 ad 75 ad 75 ad 75 ad d3 9c 05 21 25 21 25 29 45 29 d3 9c
2232,110.043380,OUT,9,0x0,0,
2233,110.043547,OUT,9,0x0,6,43 8f 84 6d 09 c5
2234,110.043655,OUT,9,0x0,0,
2235,110.043691,OUT,9,0x0,504,14 ad c8 41 e4 18 d3 9c 75 ad 75 ad 75 ad 75 ad 75 ad 05 21 05 21 e4 20 e4 20 04 21 ec 62 05 21
2236,110.046458,OUT,9,0x0,0,
2237,110.046527,OUT,9,0x0,6,0f ca 31 30 b4 c5
2238,110.046747,OUT,9,0x0,0,
2239,110.046788,OUT,9,0x0,504,04 21 04 21 ef 7b 75 ad 75 ad 75 ad 75 ad 75 ad 75 ad 75 ad 75 ad eb 5a 04 21 04 21 04 21 d3 9c
2240,110.049614,OUT,9,0x0,0,
2241,110.049730,OUT,9,0x0,6,3c 44 64 c4 52 c5
2242,110.049938,OUT,9,0x0,0,
2243,110.049967,OUT,9,0x0,1690,05 21 05 21 05 21 05 21 05 21 05 21 05 21 05 21 05 21 05 21 05 21 05 21 05 21 05 21 05 21 05 21
2244,110.059835,OUT,9,0x0,0,
2245,110.060090,OUT,9,0x0,6,2e 51 b4 bd 27 c5
2246,110.060145,OUT,9,0x0,0,
2247,110.060187,OUT,9,0x0,3094,a4 20 a5 28 a5 28 a5 20 a5 20 c5 20 a5 20 84 20 84 18 a5 20 a5 18 a5 18 a4 18 a4 18 84 18 84 18
2248,110.078374,OUT,9,0x0,0,
2249,111.045015,OUT,9,0x0,6,40 0f 84 35 09 c5
2250,111.045405,OUT,9,0x0,0,
2251,111.045498,OUT,9,0x0,504,04 21 e4 20 e4 20 b3 9c 75 ad 75 ad 75 ad 75 ad 75 ad 04 19 e4 18 c4 18 05 29 11 8c e4 20 e4 18
2252,111.048373,OUT,9,0x0,0,
2253,111.048509,OUT,9,0x0,6,43 8f 84 6d 09 c5
2254,111.048650,OUT,9,0x0,0,
2255,111.048742,OUT,9,0x0,504,14 ad c8 41 ef 7b 75 ad 75 ad 75 ad 75 ad 75 ad 75 ad 75 ad d3 9c e4 20 e4 20 04 21 ec 62 d7 bd
2256,111.051550,OUT,9,0x0,0,
2257,111.051669,OUT,9,0x0,6,12 c3 d1 80 58 c5
2258,111.051849,OUT,9,0x0,0,
2259,111.051938,OUT,9,0x0,1232,ff ff ff ff ff ff ff ff ff ff ff ff ff ff ff ff ff ff ff ff fb d6 d4 84 d4 84 d4 84 d4 84 d4 84
2260,111.059502,OUT,9,0x0,0,
2261,111.059765,OUT,9,0x0,6,40 01 f4 34 30 c5
2262,111.059818,OUT,9,0x0,0,
2263,111.059909,OUT,9,0x0,504,83 10 a3 10 ef 7b 75 ad 75 ad 75 ad 75 ad 75 ad 75 ad 75 ad b2 94 82 10 82 10 82 18 a3 10 d7 bd
2264,111.062778,OUT,9,0x0,0,
2265,111.062891,OUT,9,0x0,6,43 81 f4 6c 30 c5
2266,111.063078,OUT,9,0x0,0,
2267,111.063175,OUT,9,0x0,504,82 18 82 18 ef 7b 75 ad 75 ad 75 ad 75 ad 75 ad 75 ad 75 ad 14 a5 08 42 82 18 82 18 82 18 d7 bd
2268,111.066057,OUT,9,0x0,0,
2269,111.066185,OUT,9,0x0,6,0c 4a 30 f8 b4 c5
2270,111.066362,OUT,9,0x0,0,
2271,111.066458,OUT,9,0x0,504,04 21 ef 7b 75 ad 75 ad 75 ad 75 ad 75 ad 75 ad 75 ad 75 ad 75 ad 75 ad 04 21 04 21 04 21 75 ad
2272,111.069383,OUT,9,0x0,0,
2273,111.069615,OUT,9,0x0,6,0f ca 31 30 b4 c5
2274,111.069717,OUT,9,0x0,0,
2275,111.069809,OUT,9,0x0,504,04 21 04 21 ef 7b 75 ad 75 ad 75 ad 75 ad 75 ad 75 ad 75 ad 14 a5 eb 5a 04 21 04 21 04 21 d7 bd
2276,111.072639,OUT,9,0x0,0,
2277,111.072808,OUT,9,0x0,6,27 04 64 08 52 c5
2278,111.072944,OUT,9,0x0,0,
2279,111.073042,OUT,9,0x0,2678,58 9e 58 9e 58 9e 58 9e 58 9e 58 9e 58 9e 58 9e 58 9e 58 9e 58 9e 58 9e 58 9e 58 9e 58 9e 58 9e
2280,111.088534,OUT,9,0x0,0,
2281,111.088748,OUT,9,0x0,6,2c 91 b4 bd 27 c5
2282,111.088856,OUT,9,0x0,0,
2283,111.088978,OUT,9,0x0,3276,21 08 42 10 63 18 83 18 63 18 84 18 a4 20 a4 20 a5 28 a5 28 a5 20 a5 20 c5 20 a5 20 84 20 84 18
2284,111.108190,OUT,9,0x0,0,
2285,112.097053,OUT,9,0x0,6,2f 0f 83 25 09 c5
2286,112.097438,OUT,9,0x0,0,
2287,112.097540,OUT,9,0x0,504,25 29 c4 20 8e 73 96 b5 76 b5 75 ad 76 b5 75 ad 75 ad 75 ad d3 9c 25 29 05 21 04 21 45 29 d3 9c
2288,112.100382,OUT,9,0x0,0,
2289,112.100465,OUT,9,0x0,6,32 8f 83 5d 09 c5
2290,112.100690,OUT,9,0x0,0,
2291,112.100728,OUT,9,0x0,504,25 29 66 31 0c 63 76 b5 76 ad 75 ad 75 ad 75 ad 75 ad 75 ad d3 9c 29 42 25 21 25 29 45 29 71 8c
2292,112.103554,OUT,9,0x0,0,
2293,112.105321,OUT,9,0x0,6,40 0f 84 35 09 c5
2294,112.105371,OUT,9,0x0,0,
2295,112.105402,OUT,9,0x0,504,04 21 e4 20 e4 20 e4 20 04 21 04 21 28 42 75 ad 75 ad 75 ad eb 5a c4 18 05 29 11 8c e4 20 e4 18
2296,112.108233,OUT,9,0x0,0,
2297,112.108286,OUT,9,0x0,6,43 8f 84 6d 09 c5
2298,112.108538,OUT,9,0x0,0,
2299,112.108564,OUT,9,0x0,504,14 ad c8 41 e4 18 25 21 05 21 25 21 28 42 75 ad 75 ad 75 ad ec 5a e4 20 e4 20 04 21 ec 62 05 21
2300,112.111371,OUT,9,0x0,0,
2301,112.111447,OUT,9,0x0,6,12 c3 d1 80 58 c5
2302,112.111666,OUT,9,0x0,0,
2303,112.111718,OUT,9,0x0,1232,ff ff ff ff ff ff fb d6 76 9d d4 84 d4 84 d4 84 d4 84 d4 84 d4 84 d4 84 d4 84 d4 84 d4 84 d4 84
2304,112.119347,OUT,9,0x0,0,
2305,112.119544,OUT,9,0x0,6,40 01 f4 34 30 c5
2306,112.119593,OUT,9,0x0,0,
2307,112.119642,OUT,9,0x0,504,83 10 ef 7b 75 ad 75 ad 75 ad 75 ad 75 ad 75 ad 75 ad 75 ad 75 ad 75 ad 82 10 82 18 a3 10 75 ad
2308,112.122464,OUT,9,0x0,0,
2309,112.122505,OUT,9,0x0,6,43 81 f4 6c 30 c5
2310,112.122764,OUT,9,0x0,0,
2311,112.122797,OUT,9,0x0,504,82 18 75 ad 75 ad 75 ad 75 ad 75 ad 75 ad 75 ad 75 ad 75 ad 75 ad 75 ad ef 7b 82 18 82 18 ff ff
2312,112.125652,OUT,9,0x0,0,
2313,112.125758,OUT,9,0x0,6,0f ca 31 30 b4 c5
2314,112.125940,OUT,9,0x0,0,
2315,112.125992,OUT,9,0x0,504,04 21 04 21 04 21 d3 9c 75 ad 75 ad 75 ad 75 ad 75 ad 04 21 04 21 04 21 04 21 04 21 04 21 04 21
2316,112.128883,OUT,9,0x0,0,
2317,112.129062,OUT,9,0x0,6,3c 44 64 c4 52 c5
2318,112.129160,OUT,9,0x0,0,
2319,112.129202,OUT,9,0x0,1690,05 21 05 21 05 21 05 21 05 21 05 21 05 21 05 21 05 21 05 21 05 21 05 21 05 21 05 21 05 21 05 21
2320,112.139022,OUT,9,0x0,0,
2321,112.139225,OUT,9,0x0,6,26 91 b3 6d 27 c5
2322,112.139275,OUT,9,0x0,0,
2323,112.139303,OUT,9,0x0,1716,58 9e 58 9e 58 9e 58 9e 58 9e 58 9e 58 9e 58 9e 58 9e 58 9e 58 9e 58 9e 58 9e 58 9e 58 9e 58 9e
2324,112.149229,OUT,9,0x0,0,
2325,113.013574,OUT,9,0x0,6,0c d0 01 21 1b c5
2326,113.013956,OUT,9,0x0,0,
2327,113.014006,OUT,9,0x0,1232,ff ff ff ff df ff fb d6 76 9d d4 84 d4 84 d4 84 d4 84 d4 84 d4 84 d4 84 d4 84 d4 84 d4 84 d4 84
2328,113.021599,OUT,9,0x0,0,
2329,113.021815,OUT,9,0x0,6,40 0f 84 35 09 c5
2330,113.021867,OUT,9,0x0,0,
2331,113.021893,OUT,9,0x0,504,04 21 e4 20 e4 20 e4 20 04 21 04 21 04 21 e4 20 04 21 04 19 e4 18 c4 18 05 29 11 8c e4 20 e4 18
2332,113.024640,OUT,9,0x0,0,
2333,113.024697,OUT,9,0x0,6,43 8f 84 6d 09 c5
2334,113.024947,OUT,9,0x0,0,
2335,113.024973,OUT,9,0x0,504,14 ad c8 41 ef 7b 75 ad 75 ad 75 ad 75 ad 75 ad 75 ad 75 ad d3 9c e4 20 e4 20 04 21 ec 62 d7 bd
2336,113.027782,OUT,9,0x0,0,
2337,113.027866,OUT,9,0x0,6,12 c3 d1 80 58 c5
2338,113.028081,OUT,9,0x0,0,
2339,113.028108,OUT,9,0x0,1232,ff ff ff ff ff ff ff ff ff ff ff ff ff ff ff ff ff ff ff ff fb d6 d4 84 d4 84 d4 84 d4 84 d4 84
2340,113.035637,OUT,9,0x0,0,
2341,113.035830,OUT,9,0x0,6,40 01 f4 34 30 c5
2342,113.035943,OUT,9,0x0,0,
2343,113.035982,OUT,9,0x0,504,83 10 a3 10 ef 7b 75 ad 75 ad 75 ad 75 ad 75 ad 75 ad 75 ad b2 94 82 10 82 10 82 18 a3 10 d7 bd
2344,113.038781,OUT,9,0x0,0,
2345,113.038827,OUT,9,0x0,6,43 81 f4 6c 30 c5
2346,113.039093,OUT,9,0x0,0,
2347,113.039119,OUT,9,0x0,504,82 18 82 18 ef 7b 75 ad 75 ad 75 ad 75 ad 75 ad 75 ad 75 ad 14 a5 cb 5a 82 18 82 18 82 18 d7 bd
2348,113.041981,OUT,9,0x0,0,
2349,113.042058,OUT,9,0x0,6,0c 4a 30 f8 b4 c5
2350,113.042275,OUT,9,0x0,0,
2351,113.042299,OUT,9,0x0,504,04 21 04 21 04 21 04 21 04 21 04 21 28 42 75 ad 75 ad 75 ad eb 5a 04 21 04 21 04 21 04 21 04 21
2352,113.045132,OUT,9,0x0,0,
2353,113.045182,OUT,9,0x0,6,0f ca 31 30 b4 c5
2354,113.045438,OUT,9,0x0,0,
2355,113.045468,OUT,9,0x0,504,04 21 04 21 ef 7b 75 ad 75 ad 75 ad 75 ad 75 ad 75 ad 75 ad d3 9c 04 21 04 21 04 21 04 21 d7 bd
2356,113.048386,OUT,9,0x0,0,
2357,113.048482,OUT,9,0x0,6,3d c4 64 c4 52 c5
2358,113.048664,OUT,9,0x0,0,
2359,113.048687,OUT,9,0x0,1534,05 21 05 21 05 21 05 21 05 21 05 21 05 21 05 21 05 21 05 21 05 21 05 21 05 21 05 21 05 21 05 21
2360,113.057485,OUT,9,0x0,0,
2361,113.057684,OUT,9,0x0,6,28 d1 b4 bd 27 c5
2362,113.057796,OUT,9,0x0,0,
2363,113.057822,OUT,9,0x0,3666,62 10 62 10 42 08 42 08 41 08 41 08 41 08 41 08 41 08 21 08 21 08 01 00 42 10 82 10 42 08 21 08
2364,113.079355,OUT,9,0x0,0,
2365,114.079717,OUT,9,0x0,6,43 8f 84 6d 09 c5
2366,114.080102,OUT,9,0x0,0,
2367,114.080247,OUT,9,0x0,504,14 ad c8 41 eb 5a 75 ad 75 ad 75 ad 75 ad 75 ad 75 ad 75 ad d3 9c 28 42 e4 20 04 21 ec 62 71 8c
2368,114.083141,OUT,9,0x0,0,
2369,114.083235,OUT,9,0x0,6,12 c3 d1 80 58 c5
2370,114.083454,OUT,9,0x0,0,
2371,114.083513,OUT,9,0x0,1232,ff ff ff ff ff ff fb d6 76 9d d4 84 d4 84 d4 84 d4 84 d4 84 d4 84 d4 84 d4 84 d4 84 d4 84 d4 84
2372,114.091061,OUT,9,0x0,0,
2373,114.091291,OUT,9,0x0,6,40 01 f4 34 30 c5
2374,114.091339,OUT,9,0x0,0,
2375,114.091403,OUT,9,0x0,504,83 10 ef 7b 75 ad 75 ad 75 ad 75 ad 75 ad 75 ad 75 ad 75 ad 75 ad 75 ad 82 10 82 18 a3 10 75 ad
2376,114.094243,OUT,9,0x0,0,
2377,114.094329,OUT,9,0x0,6,43 81 f4 6c 30 c5
2378,114.094541,OUT,9,0x0,0,
2379,114.094602,OUT,9,0x0,504,82 18 75 ad 75 ad 75 ad 75 ad 75 ad 75 ad 75 ad 75 ad 75 ad 75 ad 75 ad ef 7b 82 18 82 18 ff ff
2380,114.097461,OUT,9,0x0,0,
2381,114.097577,OUT,9,0x0,6,0f ca 31 30 b4 c5
2382,114.097761,OUT,9,0x0,0,
2383,114.097829,OUT,9,0x0,504,04 21 04 21 eb 5a 75 ad 75 ad 75 ad 75 ad 75 ad 75 ad 75 ad d3 9c 28 42 04 21 04 21 04 21 71 8c
2384,114.100661,OUT,9,0x0,0,
2385,114.100864,OUT,9,0x0,6,3c 44 64 c4 52 c5
2386,114.100944,OUT,9,0x0,0,
2387,114.101011,OUT,9,0x0,1690,05 21 05 21 05 21 05 21 05 21 05 21 05 21 05 21 05 21 05 21 05 21 05 21 05 21 05 21 05 21 05 21
2388,114.110830,OUT,9,0x0,0,
2389,114.111071,OUT,9,0x0,6,27 91 b4 bd 27 c5
2390,114.111121,OUT,9,0x0,0,
2391,114.111187,OUT,9,0x0,3796,4a 42 a3 10 42 08 42 08 62 10 62 10 62 10 42 08 42 08 41 08 41 08 41 08 41 08 41 08 21 08 21 08
2392,114.133444,OUT,9,0x0,0,
2393,115.110894,OUT,9,0x0,6,2b 8f 82 ed 09 c5
2394,115.111281,OUT,9,0x0,0,
2395,115.111375,OUT,9,0x0,504,c7 49 75 ad 75 ad 75 ad 75 ad 75 ad 75 ad 75 ad 76 b5 96 b5 75 ad 75 ad 10 84 45 29 a6 49 ff ff
2396,115.114240,OUT,9,0x0,0,
2397,115.114289,OUT,9,0x0,6,2f 0f 83 25 09 c5
2398,115.114547,OUT,9,0x0,0,
2399,115.114585,OUT,9,0x0,504,25 29 c4 20 10 84 96 b5 76 b5 75 ad 76 b5 75 ad 75 ad 75 ad 34 a5 29 4a 05 21 04 21 45 29 d7 bd
2400,115.117469,OUT,9,0x0,0,
2401,115.117535,OUT,9,0x0,6,32 8f 83 5d 09 c5
2402,115.117757,OUT,9,0x0,0,
2403,115.117785,OUT,9,0x0,504,25 29 66 31 46 31 46 31 46 29 05 21 49 4a 75 ad 75 ad 75 ad ec 62 05 21 25 21 25 29 45 29 65 29
2404,115.120540,OUT,9,0x0,0,
2405,115.120602,OUT,9,0x0,6,43 81 f4 6c 30 c5
2406,115.120853,OUT,9,0x0,0,
2407,115.120900,OUT,9,0x0,504,82 18 82 18 ef 7b 75 ad 75 ad 75 ad 75 ad 75 ad 75 ad 75 ad b2 94 82 18 82 18 82 18 82 18 d7 bd
2408,115.123782,OUT,9,0x0,0,
2409,115.123941,OUT,9,0x0,6,0f ca 31 30 b4 c5
2410,115.124086,OUT,9,0x0,0,
2411,115.124124,OUT,9,0x0,504,04 21 04 21 ef 7b 75 ad 75 ad 75 ad 75 ad 75 ad 75 ad 75 ad d3 9c 04 21 04 21 04 21 04 21 d7 bd
2412,115.126982,OUT,9,0x0,0,
2413,115.127067,OUT,9,0x0,6,3c 04 64 c4 52 c5
2414,115.127280,OUT,9,0x0,0,
2415,115.127352,OUT,9,0x0,1716,05 21 05 21 05 21 05 21 05 21 05 21 05 21 05 21 05 21 05 21 05 21 05 21 05 21 05 21 05 21 05 21
2416,115.137220,OUT,9,0x0,0,
2417,115.137482,OUT,9,0x0,6,27 91 b4 bd 27 c5
2418,115.137532,OUT,9,0x0,0,
2419,115.137585,OUT,9,0x0,3796,4a 42 a3 10 42 08 42 08 62 10 62 10 62 10 42 08 42 08 41 08 41 08 41 08 41 08 41 08 21 08 21 08
2420,115.159835,OUT,9,0x0,0,
